Name,SMILES,pIC50,Reference,Dataset
2-hydroxymethylOLANZAPIN,CN1CCN(C2=Nc3ccccc3Nc3sc(CO)cc32)CC1,4.94,"Konda et al, 2019",1
AMBASILIDE,Nc1ccc(C(=O)N2C[C@@H]3C[C@@H](CN(Cc4ccccc4)C3)C2)cc1,5.44,"Konda et al, 2019",1
AMIODARONE,CCCCc1oc2ccccc2c1C(=O)c1cc(I)c(OCCN(CC)CC)c(I)c1,6,"Konda et al, 2019",1
AMITRIPTYLINE,CN(C)CCC=C1c2ccccc2CCc2ccccc21,5,"Konda et al, 2019",1
AMLODIPINE,CCOC(=O)C1=C(COCCN)NC(C)=C(C(=O)OC)C1c1ccccc1Cl,5.7,"Konda et al, 2019",1
aprinidine,CCN(CC)CCCN(c1ccccc1)C1Cc2ccccc2C1,6.64,"Konda et al, 2019",1
ASTEMIZOLE,COc1ccc(CCN2CCC(Nc3nc4ccccc4n3Cc3ccc(F)cc3)CC2)cc1,7.94,"Konda et al, 2019",1
ATROPINE,CN1[C@H]2CC[C@@H]1C[C@H](OC(=O)C(CO)c1ccccc1)C2,6.25,"Konda et al, 2019",1
AZIMILIDE,CN1CCN(CCCCN2C(=O)CN(N=Cc3ccc(-c4ccc(Cl)cc4)o3)C2=O)CC1,5.85,"Konda et al, 2019",1
bekm-1,Clc1ccc(C(c2ccc(Cl)cc2)n2cc[n+](CC(OCc3ccc(Cl)cc3Cl)c3ccc(Cl)cc3Cl)c2)cc1,7.52,"Konda et al, 2019",1
benzoylecgonine,CN1C2CCC1C(C(=O)O)C(OC(=O)c1ccccc1)C2,2.4,"Konda et al, 2019",1
BEPRIDIL,CC(C)COC[C@@H](CN(Cc1ccccc1)c1ccccc1)N1CCCC1,6.26,"Konda et al, 2019",1
canrenoic,CC12CCC(=O)C=C1C=CC1C2CCC2(C)C1CCC2(O)CCC(=O)O,3.98,"Konda et al, 2019",1
CARVEDILOL,COc1ccccc1OCCNCC(O)COC1=CC=CC2=Nc3ccccc3C12,4.98,"Konda et al, 2019",1
CETIRIZINE,O=C(O)COCCN1CCN(C(c2ccccc2)c2ccc(Cl)cc2)CC1,4.52,"Konda et al, 2019",1
CHLOROQUINE,CCN(CC)CCCC(C)Nc1ccnc2cc(Cl)ccc12,5.6,"Konda et al, 2019",1
CHLORPHENIRAMINE,CN(C)CCC(c1ccc(Cl)cc1)c1ccccn1,4.68,"Konda et al, 2019",1
CHLORPROMAZINE,CN(C)CCCN1c2ccccc2Sc2ccc(Cl)cc21,5.83,"Konda et al, 2019",1
cibenzoline,c1ccc(C2(c3ccccc3)CC2C2=NCCN2)cc1,4.64,"Konda et al, 2019",1
CISAPRIDE,COc1cc(N)c(Cl)cc1C(=O)N[C@@H]1CC[N@@](CCCOc2ccc(F)cc2)C[C@H]1OC,7.7,"Konda et al, 2019",1
CITALOPRAM,CN(C)CCCC1(c2ccc(F)cc2)OCc2cc(C#N)ccc21,5.4,"Konda et al, 2019",1
CLARITHROMYCIN,CC[C@@H]1OC(=O)[C@H](C)[C@H](O[C@H]2C[C@@](C)(OC)[C@@H](O)[C@H](C)O2)[C@H](C)[C@@H](O[C@@H]2O[C@H](C)C[C@H](N(C)C)[C@H]2O)[C@@](C)(OC)C[C@@H](C)C(=O)[C@@H](C)[C@@H](O)[C@]1(C)O,4.23,"Konda et al, 2019",1
CLEMASTINE,CN1CCCC1CCOC(C)(c1ccccc1)c1ccc(Cl)cc1,7.92,"Konda et al, 2019",1
CLOMIPHENE,CCN(CC)CCOc1ccc(C(=C(Cl)c2ccccc2)c2ccccc2)cc1,6.74,"Konda et al, 2019",1
CLOZAPINE,CN1CCN(C2=Nc3cc(Cl)ccc3Nc3ccccc32)CC1,6.59,"Konda et al, 2019",1
CLOZAPINE_N_OXYDE,CN1CCN([C@@H]2c3ccccc3Nc3ccc(Cl)cc3N2O)CC1,3.88,"Konda et al, 2019",1
COCAETHYLENE,CCOC(=O)[C@@H]1C2CCC(C[C@@H]1OC(=O)c1ccccc1)N2C,5.92,"Konda et al, 2019",1
COCAINE,COC(=O)[C@@H]1C(OC(=O)c2ccccc2)CC2CC[C@H]1[N@@]2C,5.14,"Konda et al, 2019",1
CODEINE,COc1ccc2c3c1O[C@H]1C(O)C=CC4C(C2)N(C)CC[C@@]341,3.52,"Konda et al, 2019",1
cyamemazin,CC(CN(C)C)CN1c2ccccc2Sc2ccc(C#N)cc21,6.06,"Konda et al, 2019",1
D600 (methoxyverapamil),COc1ccc(CCN(C)CCCC(C#N)(c2cc(OC)c(OC)c(OC)c2)C(C)C)cc1OC,5.57,"Konda et al, 2019",1
D617(R=CH3),CNCCCC(C#N)(c1ccc(OC)c(OC)c1)C(C)C,4.52,"Konda et al, 2019",1
D620(R=H),COc1ccc(C(C#N)(CCCN)C(C)C)cc1OC,4.52,"Konda et al, 2019",1
DESIPRAMINE,CNCCCN1c2ccccc2CCc2ccccc21,5.86,"Konda et al, 2019",1
DESLORATIDINE,Clc1ccc2c(c1)CCc1cccnc1C2=C1CCNCC1,5.35,"Konda et al, 2019",1
desmethyl_OLANZAPINE,Cc1cc2c(s1)Nc1ccccc1N=C2N1CCNCC1,4.85,"Konda et al, 2019",1
desmethylastemizole,Oc1ccc(CCN2CCC(Nc3nc4ccccc4n3Cc3ccc(F)cc3)CC2)cc1,7.52,"Konda et al, 2019",1
DILTIAZEM,COc1ccc([C@@H]2Sc3ccccc3N(CCN(C)C)C(=O)[C@@H]2OC(C)=O)cc1,4.76,"Konda et al, 2019",1
DIPHENHYDRAMINE,CN(C)CCOC(c1ccccc1)c1ccccc1,4.57,"Konda et al, 2019",1
DISOPYRAMIDE,CC(C)N(CCC(C(N)=O)(c1ccccc1)c1ccccn1)C(C)C,4.04,"Konda et al, 2019",1
DOLASETRON,O=C(OC1C[C@@H]2CC3C[C@H](C1)N2CC3=O)C1=c2ccccc2=NC1,5.23,"Konda et al, 2019",1
ebastine,CC(C)(C)c1ccc(C(=O)CCCN2CCC(OC(c3ccccc3)c3ccccc3)CC2)cc1,6.48,"Konda et al, 2019",1
ecgonine_methyl_ester,COC(=O)C1C(O)CC2CCC1N2C,2.22,"Konda et al, 2019",1
EGIS7229,COc1ccc(CCN(C)CCCNc2c(Cl)cn[nH]c2=O)cc1OC,5.18,"Konda et al, 2019",1
EPINASTINE,NC1=NCC2c3ccccc3Cc3ccccc3N12,3.78,"Konda et al, 2019",1
erythromycin,CCC1OC(=O)C(C)C(OC2CC(C)(OC)C(O)C(C)O2)C(C)C(OC2OC(C)CC(N(C)C)C2O)C(C)(O)CC(C)C(=O)C(C)C(O)C1(C)O,4.14,"Konda et al, 2019",1
N-DEMETHYL-ERYTHROMYCIN,CC[C@H]1OC(=O)[C@H](C)[C@@H](O[C@H]2C[C@@](C)(OC)[C@@H](O)[C@H](C)O2)[C@H](C)[C@@H](O[C@@H]2O[C@H](C)C[C@H](NC)[C@H]2O)[C@](C)(O)C[C@@H](C)C(=O)[C@H](C)[C@@H](O)[C@]1(C)O,3.83,"Konda et al, 2019",1
FENTANYL,CCC(=O)N(c1ccccc1)C1CCN(CCc2ccccc2)CC1,5.74,"Konda et al, 2019",1
FLECAINIDE,O=C(NCC1CCCCN1)c1cc(OCC(F)(F)F)ccc1OCC(F)(F)F,5.41,"Konda et al, 2019",1
FLUOXETINE,CNCCC(Oc1ccc(C(F)(F)F)cc1)c1ccccc1,6.34,"Konda et al, 2019",1
FLUSPIRILENE,O=C1NCN(c2ccccc2)C12CCN(CCCC(c1ccc(F)cc1)c1ccc(F)cc1)CC2,8.52,"Konda et al, 2019",1
FLUVOXAMINE,COCCCCC(=NOCCN)c1ccc(C(F)(F)F)cc1,5.42,"Konda et al, 2019",1
gbr-12909,Fc1ccc(C(OCCN2CCN(CCCc3ccccc3)CC2)c2ccc(F)cc2)cc1,9,"Konda et al, 2019",1
GRANISETRON,CN1[C@H]2CCC[C@@H]1CC(NC(=O)c1nn(C)c3ccccc13)C2,5.43,"Konda et al, 2019",1
H345_32,CC(C)(C)OC(=O)N1CCC2CN(CC(O)COc3ccc(C#N)cc3)CC(C1)O2,7.05,"Konda et al, 2019",1
HALOFANTRINE,CCCCN(CCCC)CC[C@@H](O)c1cc2c(Cl)cc(Cl)cc2c2cc(C(F)(F)F)ccc12,7.51,"Konda et al, 2019",1
HALOPERIDOL,O=C(CCCN1CCC(O)(c2ccc(Cl)cc2)CC1)c1ccc(F)cc1,7.72,"Konda et al, 2019",1
IMIPRAMINE,CN(C)CCCN1c2ccccc2CCc2ccccc21,5.47,"Konda et al, 2019",1
IQB-9302,Cc1cccc(C)c1NC(=O)C1CCCCN1CC1CC1,4.7,"Konda et al, 2019",1
isobutylmethylxanthine,CC(C)Cn1c(=O)n(C)c(=O)c2nc[nH]c21,5,"Konda et al, 2019",1
josamycin,COC1C(OC(C)=O)CC(=O)OC(C)CC=CC=CC(O)C(C)CC(CC=O)C1OC1OC(C)C(OC2CC(C)(O)C(OC(=O)CC(C)C)C(C)O2)C(N(C)C)C1O,3.99,"Konda et al, 2019",1
KETANSERIN,O=C(c1ccc(F)cc1)C1CCN(CCn2c(=O)[nH]c3ccccc3c2=O)CC1,6.97,"Konda et al, 2019",1
LAAM,CCC(OC(C)=O)C(CC(C)N(C)C)(c1ccccc1)c1ccccc1,5.66,"Konda et al, 2019",1
LEVOFLOXACIN,C[C@@H]1COc2c(N3CCN(C)CC3)c(F)cc3c(=O)c(C(=O)O)cn1c23,3.04,"Konda et al, 2019",1
LIDOFLAZINE,Cc1cccc(C)c1NC(=O)CN1CCN(CCCC(c2ccc(F)cc2)c2ccc(F)cc2)CC1,7.8,"Konda et al, 2019",1
LOSARTAN,CCCCc1nc(Cl)c(CO)n1Cc1ccc(-c2ccccc2C2=NNNN2)cc1,5.11,"Konda et al, 2019",1
lumefantrine,CCCCN(CCCC)CC(O)c1cc(Cl)cc2c1-c1ccc(Cl)cc1C2=Cc1ccc(Cl)cc1,5.09,"Konda et al, 2019",1
maprotiline,CNCCCC12CCC(c3ccccc31)c1ccccc12,5.51,"Konda et al, 2019",1
MDL_74156,O=C(OC1CC2CC3CC(C1)N2CC3O)c1c[nH]c2ccccc12,4.92,"Konda et al, 2019",1
MEFLOQUINE,O[C@@H](c1cc(C(F)(F)F)nc2c(C(F)(F)F)cccc12)[C@H]1CCCCN1,5.59,"Konda et al, 2019",1
METHADONE,CCC(=O)C(CC(C)N(C)C)(c1ccccc1)c1ccccc1,5.01,"Konda et al, 2019",1
Methylecgonidine,COC(=O)C1=CCC2CCC1N2C,3.77,"Konda et al, 2019",1
METOCLOPRAMIDE,CCN(CC)CCNC(=O)c1cc(Cl)c(N)cc1OC,5.27,"Konda et al, 2019",1
MIBEFRADIL,COCC(=O)O[C@@]1(CC[N@@](C)CCCc2nc3ccccc3[nH]2)CCc2cc(F)ccc2[C@H]1C(C)C,5.84,"Konda et al, 2019",1
MIZOLASTINE,O=c1ccnc(NCC2CCN(c3nc4ccccc4n3Cc3ccc(F)cc3)CC2)[nH]1,6.36,"Konda et al, 2019",1
MORPHINE,CN1CCC23c4c5ccc(O)c4O[C@H]2[C@@H](O)C=C[C@H]3C1C5,3,"Konda et al, 2019",1
MOSAPRIDE,CCOc1cc(N)c(Cl)cc1C(=O)NCC1CN(Cc2ccc(F)cc2)CCO1,5.11,"Konda et al, 2019",1
N_demethylHALOFANTRINE,NCC[C@@H](O)c1cc2c(Cl)cc(Cl)cc2c2cc(C(F)(F)F)ccc12,6.15,"Konda et al, 2019",1
N-desmethylerythromycin,CCC1OC(=O)C(C)C(OC2CC(C)(O)C(O)C(C)O2)C(C)C(OC2OC(C)CC(N(C)C)C2O)C(C)(O)CC(C)C(=O)C(C)C(O)C1(C)O,3.83,"Konda et al, 2019",1
NELFINAVIR,Cc1c(O)cccc1C(=O)N[C@@H](CSc1ccccc1)[C@H](O)CN1C[C@H]2CCCC[C@H]2C[C@H]1C(=O)NC(C)(C)C,4.94,"Konda et al, 2019",1
NICOTINE,CN1CCCC1c1cccnc1,3.61,"Konda et al, 2019",1
NORASTEMIZOLE,Fc1ccc(Cn2c(NC3CCNCC3)nc3ccccc32)cc1,7.55,"Konda et al, 2019",1
NORCLOZAPINE,Clc1ccc2c(c1)N=C(N1CCNCC1)c1ccccc1N2,5.35,"Konda et al, 2019",1
norpropoxyphene,CCC(=O)OC(Cc1ccccc1)(c1ccccc1)C(C)CNC,5.44,"Konda et al, 2019",1
norverapamil,COc1ccc(CCNCCCC(C#N)(c2ccc(OC)c(OC)c2)C(C)C)cc1OC,5.5,"Konda et al, 2019",1
OFLOXACIN,CC1COc2c(N3CCN(C)CC3)c(F)cc3c(=O)c(C(=O)O)cn1c23,2.85,"Konda et al, 2019",1
OLANZAPINE,Cc1cc2c(s1)Nc1ccccc1N=C2N1CCN(C)CC1,6.74,"Konda et al, 2019",1
oleandomycin,COC1CC(OC2C(C)C(=O)OC(C)C(C)C(O)C(C)C(=O)C3(CO3)CC(C)C(OC3OC(C)CC(N(C)C)C3O)C2C)OC(C)C1O,3.51,"Konda et al, 2019",1
OPC18790,COc1ccc(CNCC(O)COc2ccc3[nH]c(=O)ccc3c2)cc1OC,6.02,"Konda et al, 2019",1
OXYBUTYNIN,CCN(CC)CC#CCOC(=O)C(O)(c1ccccc1)C1CCCCC1,4.6,"Konda et al, 2019",1
PERGOLIDE,CCCN1C[C@H](CSC)C[C@@H]2c3cccc4c3C(C=N4)C[C@H]21,6.92,"Konda et al, 2019",1
PERHEXILENE,C1CCC(C(C[C@@H]2CCCCN2)C2CCCCC2)CC1,5.11,"Konda et al, 2019",1
PHENYTOIN,O=C1NC(=O)C(c2ccccc2)(c2ccccc2)N1,3.62,"Konda et al, 2019",1
pilsicainide,Cc1cccc(C)c1NC(=O)CC12CCCN1CCC2,4.69,"Konda et al, 2019",1
PRENYLAMINE,CC(Cc1ccccc1)NCCC(c1ccccc1)c1ccccc1,6.3,"Konda et al, 2019",1
PROCHLORPERAZINE,CN1CCN(CCCN2c3ccccc3Sc3ccc(Cl)cc32)CC1,4.65,"Konda et al, 2019",1
PROPAFENONE,CCCNCC(O)COc1ccccc1C(=O)CCc1ccccc1,6.36,"Konda et al, 2019",1
PROPRANOLOL,CC(C)NCC(O)COc1cccc2ccccc12,5,"Konda et al, 2019",1
protopine,CN1CCc2cc3c(cc2C(=O)Cc2ccc4c(c2C1)OCO4)OCO3,3.78,"Konda et al, 2019",1
PRUCALOPRIDE,COCCCN1CCC(NC(=O)c2cc(Cl)c(N)c3c2OCC3)CC1,5.39,"Konda et al, 2019",1
PYRILAMINE,COc1ccc(CN(CCN(C)C)c2ccccn2)cc1,5.61,"Konda et al, 2019",1
QUETIAPINE,OCCOCCN1CCN(C2=Nc3ccccc3Sc3ccccc32)CC1,5.24,"Konda et al, 2019",1
QUINIDINE,C=C[C@H]1CN2CC[C@H]1C[C@@H]2[C@@H](O)c1ccnc2ccc(OC)cc12,5.97,"Konda et al, 2019",1
ranolazine,COc1ccccc1OCC(O)CN1CCN(CC(=O)Nc2c(C)cccc2C)CC1,4.84,"Konda et al, 2019",1
RITONAVIR,CC(C)c1nc(CN(C)C(=O)N[C@H](C(=O)N[C@@H](Cc2ccccc2)C[C@H](O)[C@H](Cc2ccccc2)NC(=O)OCc2cncs2)C(C)C)cs1,5.09,"Konda et al, 2019",1
ROXITHROMYCIN,CC[C@H]1OC(=O)[C@H](C)[C@@H](O[C@H]2C[C@@](C)(OC)[C@@H](O)[C@H](C)O2)[C@H](C)[C@@H](O[C@@H]2O[C@H](C)C[C@H](N(C)C)[C@H]2O)[C@](C)(O)C[C@@H](C)C(=NOCOCCOC)[C@H](C)[C@@H](O)[C@]1(C)O,4.44,"Konda et al, 2019",1
SAQUINAVIR,CC(C)(C)NC(=O)[C@@H]1C[C@@H]2CCCC[C@@H]2CN1C[C@@H](O)[C@H](Cc1ccccc1)NC(=O)[C@H](CC(N)=O)NC(=O)c1ccc2ccccc2n1,4.82,"Konda et al, 2019",1
SERTINDOLE,O=C1NCCN1CCN1CCC(c2cn(-c3ccc(F)cc3)c3ccc(Cl)cc23)CC1,7.9,"Konda et al, 2019",1
sertindole1,O=C1NCCN1CCN1CCC(c2cn(-c3ccccc3)c3ccc(Cl)cc23)CC1,4.06,"Konda et al, 2019",1
sertindole10,Fc1ccc(-n2cc(C3CCN(CCN4CCNC4=S)CC3)c3cc(Cl)ccc32)cc1,5.21,"Konda et al, 2019",1
sertindole11,CC(C)(O)c1ccc(C(O)CCCN2CCC(C(O)(c3ccccc3)c3ccccc3)CC2)cc1,3.34,"Konda et al, 2019",1
sertindole13,O=C1NCCN1CCN1CCC(c2cn(-c3ccc(F)cc3)c3ccccc23)CC1,4.63,"Konda et al, 2019",1
sertindole14,Fc1ccc(-n2cc(C3CCNCC3)c3cc(Cl)ccc32)cc1,3.69,"Konda et al, 2019",1
sertindole15,CN(C)Cc1cn(-c2ccc(F)cc2)c2ccc(Cl)cc12,4.96,"Konda et al, 2019",1
sertindole2,O=C1NCCN1CCN1CC=C(c2cn(-c3ccc(F)cc3)c3ccc(Cl)cc23)CC1,5,"Konda et al, 2019",1
sertindole4,O=C1NCCN1CCN1CCC(c2cn(-c3ccc(CCO)cc3)c3ccc(Cl)cc23)CC1,3.24,"Konda et al, 2019",1
sertindole5,O=C(O)c1ccc(-n2cc(C3CCN(CCN4CCNC4=O)CC3)c3cc(Cl)ccc32)cc1,1.12,"Konda et al, 2019",1
sertindole6,O=C1NCCN1CCN1CCC(c2cn(C3CCCCC3)c3ccc(Cl)cc23)CC1,3.86,"Konda et al, 2019",1
sertindole7,COCCc1ccc(-n2cc(C3CCN(CCN4CCNC4=O)CC3)c3cc(Cl)ccc32)cc1,3.88,"Konda et al, 2019",1
sertindole8,COCc1ccc(-n2cc(C3CCN(CCN4CCNC4=O)CC3)c3cc(Cl)ccc32)cc1,4.44,"Konda et al, 2019",1
TAMOXIFEN,CCC(=C(c1ccccc1)c1ccc(OCCN(C)C)cc1)c1ccccc1,5.8,"Konda et al, 2019",1
tedisamil,C1CCC2(C1)C1CN(CC3CC3)CC2CN(CC2CC2)C1,5.6,"Konda et al, 2019",1
TERFENADINE,CC(C)(C)c1ccc([C@@H](O)CCCN2CCC(C(O)(c3ccccc3)c3ccccc3)CC2)cc1,8.08,"Konda et al, 2019",1
TERODILINE,CC(CC(c1ccccc1)c1ccccc1)NC(C)(C)C,5.82,"Konda et al, 2019",1
THIORIDAZINE,CSc1ccc2c(c1)N(CC[C@H]1CCCC[N@]1C)c1ccccc1S2,7.02,"Konda et al, 2019",1
TOLTERODINE,Cc1ccc(O)c([C@H](CCN(C(C)C)C(C)C)c2ccccc2)c1,7.77,"Konda et al, 2019",1
TRIFLUOPERAZINE,CN1CCN(CCCN2c3ccccc3Sc3ccc(C(F)(F)F)cc32)CC1,6.63,"Konda et al, 2019",1
trimebutine,CCC(COC(=O)c1cc(OC)c(OC)c(OC)c1)(c1ccccc1)N(C)C,4.05,"Konda et al, 2019",1
VERAPAMIL,COc1ccc(CC[N@](C)CCC[C@@](C#N)(c2ccc(OC)c(OC)c2)C(C)C)cc1OC,6.87,"Konda et al, 2019",1
VINPOCETINE,CCOC(=O)C1=C[C@]2(CC)CCCN3CCc4c(n1c1ccccc41)[C@@H]32,7.49,"Konda et al, 2019",1
vitamine_K,CC(=CCC1=C(C)C(=O)c2ccccc2C1=O)CCCC(C)CCCC(C)CCCC(C)C,5.24,"Konda et al, 2019",1
Wombat 01,Fc1ccc2c(C3CNCCC3F)c(-c3ccsc3)[nH]c2c1,5.82,"Konda et al, 2019",1
Wombat 02,CN1CCCCC1c1c(-c2ccccc2)[nH]c2ccccc12,5.15,"Konda et al, 2019",1
Wombat 03,c1ccc(CN2CCCC(c3c(-c4ccccc4)[nH]c4ccccc34)C2)cc1,6.54,"Konda et al, 2019",1
Wombat 04,c1ccc(CCN2CCCC(c3c(-c4ccccc4)[nH]c4ccccc34)C2)cc1,6.28,"Konda et al, 2019",1
Wombat 05,CN1CCCC(c2c(-c3ccccc3)[nH]c3ccccc23)C1,5.02,"Konda et al, 2019",1
Wombat 06,c1ccc(-c2[nH]c3ccccc3c2C2CCN(c3ccccc3)CC2)cc1,7.1,"Konda et al, 2019",1
Wombat 11,N#Cc1ccc(Cn2cncc2CNC2CCN(C(=O)c3cccnc3S)C2=O)cc1,4.96,"Konda et al, 2019",1
Wombat 12,CC(C)(C)Oc1cc([C@H](C2=CNC(C(C)(C)O)S2)c2cc[n+]([O-])cc2)ccc1OC(F)F,4.23,"Konda et al, 2019",1
Wombat 13,CC(C)Oc1cc([C@H](C2=CNC(C(O)(C(F)(F)F)C(F)(F)F)S2)c2ccc[n+]([O-])c2)ccc1OC(F)F,4.42,"Konda et al, 2019",1
Wombat 16,CC(C)Oc1cc(C(C2=CNC(C(O)(C(F)(F)F)C(F)(F)F)S2)c2ccc[n+]([O-])c2)ccc1OC(F)F,4.41,"Konda et al, 2019",1
Wombat 17,CCSc1ncccc1C(=O)N1CCC(NCc2cncn2Cc2ccc(C#N)cc2)C1=O,4.85,"Konda et al, 2019",1
Wombat 18,CSc1ncccc1C(=O)N1CCC(NCc2cncn2Cc2ccc(C#N)cc2)C1=O,5.11,"Konda et al, 2019",1
Wombat 19,N#Cc1ccc(Cn2cncc2CNC2CCN(c3cccc4ncccc34)C2=O)cc1,5.09,"Konda et al, 2019",1
Wombat 20,N#Cc1ccc(Cn2cncc2CNC2CCN(c3ccncc3)C2=O)cc1,5.49,"Konda et al, 2019",1
Wombat 21,N#Cc1ccc(Cn2cncc2CNC2CCN(Cc3ccccc3)C2=O)cc1,5.14,"Konda et al, 2019",1
Wombat 23,N#Cc1ccc(Cn2cncc2CNC2CCN(C(=O)c3cccnc3O)C2=O)cc1,4.3,"Konda et al, 2019",1
Wombat 24,N#Cc1ccc(Cn2cncc2CNC2CCN(C(=O)c3cccnc3N)C2=O)cc1,4.3,"Konda et al, 2019",1
Wombat 25,Cc1ncccc1C(=O)N1CCC(NCc2cncn2Cc2ccc(C#N)cc2)C1=O,5,"Konda et al, 2019",1
Wombat 26,N#Cc1ccc(Cn2cncc2CCNC2CCN(c3ccccc3)C2=O)cc1,6.82,"Konda et al, 2019",1
Wombat 27,N#Cc1ccc(Cn2cncc2CN(Cc2cccnc2)C2CCN(Cc3ccccc3)C2=O)cc1,6.06,"Konda et al, 2019",1
Wombat 28,CCCCN(Cc1cncn1Cc1ccc(C#N)cc1)C1CCN(Cc2ccccc2)C1=O,6.72,"Konda et al, 2019",1
Wombat 29,c1ccc(-c2[nH]c3ccccc3c2C2CCCNC2)cc1,5.31,"Konda et al, 2019",1
Wombat 30,c1ccc(-c2[nH]c3ccccc3c2C2CCNCC2)cc1,5.24,"Konda et al, 2019",1
Wombat 31,Fc1cccc2c(C3CNCCC3F)c(-c3ccccc3)[nH]c12,5.52,"Konda et al, 2019",1
Wombat 32,Fc1ccc2c(C3CNCCC3F)c(-c3ccccc3)[nH]c2c1,5.4,"Konda et al, 2019",1
Wombat 33,Fc1ccc2c(C3CNCCC3F)c(-c3cccc4ccccc34)[nH]c2c1,6.96,"Konda et al, 2019",1
Wombat 34,Fc1ccc2c(C3CNCCC3F)c(-c3ccc4ccccc4c3)[nH]c2c1,6.3,"Konda et al, 2019",1
Wombat 35,COC(=O)c1[nH]c2cc(F)ccc2c1C1CNCC[C@@H]1F,5.09,"Konda et al, 2019",1
Wombat 36,O=C(Nc1ccccc1)c1[nH]c2cc(F)ccc2c1C1CNCC[C@@H]1F,6.03,"Konda et al, 2019",1
Wombat 37,Fc1ccc2c(C3CNCCC3F)c(C3CCCCCC3)[nH]c2c1,5.27,"Konda et al, 2019",1
Wombat 38,Fc1ccc2c(C3CNCCC3F)c(C3=CNC=CC3)[nH]c2c1,5.6,"Konda et al, 2019",1
Wombat 39,Fc1ccc2[nH]c(-c3ccccc3)c(C3CNCCC3F)c2c1,5.15,"Konda et al, 2019",1
Wombat 40,Fc1ccc(-c2[nH]c3cc(F)ccc3c2C2CNCC[C@@H]2F)cc1,5.8,"Konda et al, 2019",1
Wombat 41,Fc1ccc(-c2[nH]c3cc(F)ccc3c2C2CCCNC2)cc1,5.89,"Konda et al, 2019",1
Wombat 42,FC1CCNCC1c1c(-c2ccccc2)[nH]c2ccccc12,5.96,"Konda et al, 2019",1
Wombat 44,CC(C)(O)C1C=CC([C@H](c2cc[n+]([O-])cc2)c2ccc(OC(F)F)c(OC(F)F)c2)=CN1,4.64,"Konda et al, 2019",1
Wombat 47,CC(C)Oc1cc([C@H](C2=CNC(C(C)(C)O)C=C2)c2cc[n+]([O-])cc2)ccc1OC(F)F,4.38,"Konda et al, 2019",1
Wombat 49,CC(C)Oc1cc([C@@H](C2=CCC(=O)N=C2)C2=CNC(C(C)(C)O)C=C2)ccc1OC(F)F,4.25,"Konda et al, 2019",1
Wombat 50,CC(C)Oc1cc([C@@H](C2=CNC(C(C)(C)O)C=C2)c2ccc[n+]([O-])c2)ccc1OC(F)F,4.35,"Konda et al, 2019",1
Wombat 51,CC(C)(C)Oc1cc([C@H](C2=CNC(C(C)(C)O)C=C2)c2cc[n+]([O-])cc2)ccc1OC(F)F,4.6,"Konda et al, 2019",1
Wombat 55,FC1CCNCC1c1c(-c2ccccc2)[nH]c2c(Cl)cccc12,5.68,"Konda et al, 2019",1
Wombat 56,N#Cc1ccc(Cn2cncc2CNC2CCN(Cc3cccc(Cl)c3)C2=O)cc1,6.36,"Konda et al, 2019",1
Wombat 57,N#Cc1ccc(Cn2cncc2CN(CCN2CCOCC2)C2CCN(Cc3cccc(Cl)c3)C2=O)cc1,6.72,"Konda et al, 2019",1
Wombat 58,N#Cc1ccc(Cn2cncc2CN(CCN2CCNCC2)C2CCN(Cc3cccc(Cl)c3)C2=O)cc1,5.96,"Konda et al, 2019",1
Wombat 59,N#Cc1ccc(Cn2cncc2CN(CCCc2ccccc2)C2CCN(Cc3cccc(Cl)c3)C2=O)cc1,7.62,"Konda et al, 2019",1
Wombat 60,CC(C)(C)OC(=O)NCCCN(Cc1cncn1Cc1ccc(C#N)cc1)C1CCN(Cc2cccc(Cl)c2)C1=O,6.96,"Konda et al, 2019",1
Wombat 61,N#Cc1ccc(Cn2cncc2CN(CCCN)C2CCN(Cc3cccc(Cl)c3)C2=O)cc1,6.32,"Konda et al, 2019",1
Wombat 62,N#Cc1ccc(Cn2cncc2CNC2CCN(C(=O)c3cccc(Cl)c3)C2=O)cc1,5.24,"Konda et al, 2019",1
Wombat 64,FC1CCNCC1c1c(-c2ccccc2)[nH]c2ccc(Cl)cc12,5.15,"Konda et al, 2019",1
Wombat 65,CC(=O)NC(=O)C1CCC(c2ncc(-c3cccc(Br)c3)[nH]2)CC1,6.3,"Konda et al, 2019",1
Wombat 66,N#Cc1ccc(Cn2cncc2CNC2CCN(C(=O)c3cncc(Br)c3)C2=O)cc1,5.22,"Konda et al, 2019",1
ZIPRASIDONE,O=C1Cc2cc(CCN3CCN(c4nsc5ccccc45)CC3)c(Cl)cc2N1,6.92,"Konda et al, 2019",1
103059763,Cc1cccc(C(=O)Nc2cccc(NC(=O)c3ccccc3)c2)c1,5.09,"Konda et al, 2019",1
103165765,CN1CCN(C2=c3ccccc3=Nc3ccc(Cl)cc3N2)CC1,6.49,"Konda et al, 2019",1
103195217,Cc1cc2c(s1)=Nc1ccccc1NC=2N1CCN(C)CC1,6.74,"Konda et al, 2019",1
103221584,Clc1ccc2c(c1)NC(N1CCNCC1)=c1ccccc1=N2,5.35,"Konda et al, 2019",1
103237671,Fc1ccc(-n2cc(C3CCN(CCN4CCNC4=S)CC3)c3ccccc32)cc1,8.21,"Konda et al, 2019",1
103318617,Cc1cc2c(s1)=Nc1ccccc1NC=2N1CCNCC1,4.85,"Konda et al, 2019",1
103318652,CN1CCN(C2=c3cc(CO)sc3=Nc3ccccc3N2)CC1,4.94,"Konda et al, 2019",1
103451122,CC(C)[C@@H](Oc1ccc(CNC(=O)[C@@H]2CCCN2C(=O)C(N)C2CCCCC2)cc1)C(=O)O,4.05,"Konda et al, 2019",1
103451139,NC(CC(=O)N1CCC[C@H]1C(=O)NCc1ccc(C(=O)O)cc1)Cc1ccc(F)c(F)c1,4.1,"Konda et al, 2019",1
103451286,NC(CC(=O)N1CCC[C@H]1C(=O)NCc1ccc(C(F)(F)F)cc1)Cc1ccccc1F,6.06,"Konda et al, 2019",1
103451330,CC(C)[C@@H](Oc1ccc(CNC(=O)[C@@H]2CCCN2C(=O)CC(N)Cc2cc(F)ccc2F)cc1)C(=O)O,4.12,"Konda et al, 2019",1
103481896,C[C@@H](c1ccc(-c2ccc(=O)[nH]c2)cc1)[C@H](N)C(=O)N1CC[C@H](F)C1,5.08,"Konda et al, 2019",1
103490021,CN(C)C(=O)[C@@H](c1ccc(-c2ccn3ncnc3c2)cc1)[C@H](N)C(=O)N1CCC(F)(F)C1,4.8,"Konda et al, 2019",1
103502751,CCC1=C(C)N=C2CCCC(NNC(=O)Nc3ccccc3)=C21,4.68,"Konda et al, 2019",1
103502759,CCC1=C(C)N=C2CCCC(NOC(=O)Nc3ccccc3)=C21,4.52,"Konda et al, 2019",1
103503071,C[C@H](c1nc(-c2ccc(Cl)cc2Cl)no1)[C@H](N)C(=O)N1CCCC1,4.44,"Konda et al, 2019",1
103503137,CS(=O)(=O)c1ccc(-c2noc([C@@H](CC3CC3)[C@H](N)C(=O)N3CC[C@H](F)C3)n2)c(F)c1,4.23,"Konda et al, 2019",1
103523739,N[C@H]1CN(c2ccncn2)CC[C@@H]1c1cc(F)c(F)cc1F,4.58,"Konda et al, 2019",1
103523757,N[C@H]1CN(c2ccc3nc(C(F)(F)F)nn3n2)CC[C@@H]1c1cc(F)c(F)cc1F,5.09,"Konda et al, 2019",1
103523763,Cc1cc(=O)n2nc(N3CC[C@H](c4cc(F)c(F)cc4F)[C@@H](N)C3)ccc2n1,4.48,"Konda et al, 2019",1
103523766,Cc1nnc2ccc(N3CC[C@H](c4cc(F)c(F)cc4F)[C@@H](N)C3)nn12,4.69,"Konda et al, 2019",1
103528191,Cc1cnc(-c2ccc3c(c2)CCN(CCCSC2=NN/C(=C4/C=c5ccccc5=N4)N2C)CC3)o1,7.3,"Konda et al, 2019",1
103532031,CCN(CC)C(C)CCCNc1nccc(NCc2ccc(Cl)cc2Cl)n1,6.52,"Konda et al, 2019",1
103543465,CS(=O)(=O)c1cccc(C(=O)N2CCN(c3ccc(OCCCN4CCCCC4)cc3)C(=O)C2)c1,4.2,"Konda et al, 2019",1
103543466,O=C(c1cc(F)cc(F)c1)N1CCN(c2ccc(OCCCN3CCCCC3)cc2)C(=O)C1,4.4,"Konda et al, 2019",1
103543467,O=C(c1ccc(F)cc1F)N1CCN(c2ccc(OCCCN3CCCCC3)cc2)C(=O)C1,4.2,"Konda et al, 2019",1
103543468,O=C(c1ccc(C(=O)N2CCN(c3ccc(OCCCN4CCCCC4)cc3)C(=O)C2)cc1)N1CCC1,4.2,"Konda et al, 2019",1
103543469,O=C(c1ccncc1)N1CCN(c2ccc(OCCCN3CCCCC3)cc2)C(=O)C1,4.2,"Konda et al, 2019",1
103543470,O=C(c1cnn2cccnc12)N1CCN(c2ccc(OCCCN3CCCCC3)cc2)C(=O)C1,4.2,"Konda et al, 2019",1
103543473,O=C(c1ccc(F)cc1)N1CCN(c2ccc(OCCCN3CCCC3)cc2)C(=O)C1,5.2,"Konda et al, 2019",1
103543474,N#Cc1ccc(C(=O)N2CCN(c3ccc(OCCCN4CCCC4)cc3)C(=O)C2)cc1,4.8,"Konda et al, 2019",1
103543501,N#Cc1ccc(C(=O)N2CCN(c3ccc(OCCCN4CCCCCC4)cc3)C(=O)C2)cc1,4.9,"Konda et al, 2019",1
103543502,O=C(c1cc(F)cc(F)c1)N1CCN(c2ccc(OCCCN3CCCCCC3)cc2)C(=O)C1,4.9,"Konda et al, 2019",1
103543503,O=C(c1ccc(F)cc1F)N1CCN(c2ccc(OCCCN3CCCCCC3)cc2)C(=O)C1,4.3,"Konda et al, 2019",1
103543509,C[C@@H]1CCCN1CCCOc1ccc(N2CCN(C(=O)c3ccc(F)cc3)CC2=O)cc1,4.7,"Konda et al, 2019",1
103543510,C[C@@H]1CCCN1CCCOc1ccc(N2CCN(C(=O)c3ccc(C#N)cc3)CC2=O)cc1,4.2,"Konda et al, 2019",1
103543512,C[C@@H]1CCCN1CCCOc1ccc(N2CCN(C(=O)c3cc(F)cc(F)c3)CC2=O)cc1,6.3,"Konda et al, 2019",1
103543513,C[C@@H]1CCCN1CCCOc1ccc(N2CCN(C(=O)c3ccc(F)cc3F)CC2=O)cc1,5.8,"Konda et al, 2019",1
103543516,C[C@H]1CCCN1CCCOc1ccc(N2CCN(C(=O)c3ccc(F)cc3)CC2=O)cc1,4.6,"Konda et al, 2019",1
103543517,C[C@H]1CCCN1CCCOc1ccc(N2CCN(C(=O)c3ccc(C#N)cc3)CC2=O)cc1,4.2,"Konda et al, 2019",1
103543519,C[C@H]1CCCN1CCCOc1ccc(N2CCN(C(=O)c3cc(F)cc(F)c3)CC2=O)cc1,4.9,"Konda et al, 2019",1
103543521,C[C@H]1CCCN1CCCOc1ccc(N2CCN(C(=O)c3ccc(F)cc3F)CC2=O)cc1,4.5,"Konda et al, 2019",1
103543524,CC(C)N1CCC(Oc2ccc(N3CCN(C(=O)c4ccc(C#N)cc4)CC3=O)cc2)CC1,4.2,"Konda et al, 2019",1
103543525,CC(C)N1CCC(Oc2ccc(N3CCN(C(=O)c4cc(F)cc(F)c4)CC3=O)cc2)CC1,4.2,"Konda et al, 2019",1
103543526,CC(C)N1CCC(Oc2ccc(N3CCN(C(=O)c4ccc(F)cc4F)CC3=O)cc2)CC1,4.2,"Konda et al, 2019",1
103543529,N#Cc1ccc(C(=O)N2CCN(c3ccc(OC4CCN(C5CCC5)CC4)cc3)C(=O)C2)cc1,5.03,"Konda et al, 2019",1
103543530,CS(=O)(=O)c1ccc(C(=O)N2CCN(c3ccc(OC4CCN(C5CCC5)CC4)cc3)C(=O)C2)cc1,4.2,"Konda et al, 2019",1
103543532,O=C(c1cc(F)cc(F)c1)N1CCN(c2ccc(OC3CCN(C4CCC4)CC3)cc2)C(=O)C1,4.2,"Konda et al, 2019",1
103543536,O=C(c1ccc(F)cc1F)N1CCN(c2ccc(OC3CCN(C4CCC4)CC3)cc2)C(=O)C1,4.2,"Konda et al, 2019",1
103543538,O=C(c1ccc(C(=O)N2CCN(c3ccc(OC4CCN(C5CCC5)CC4)cc3)C(=O)C2)cc1)N1CCC1,4.2,"Konda et al, 2019",1
103543542,O=C(c1ccc(Cl)cc1)N1CCN(c2ccc(OC3CCN(C4CCCC4)CC3)cc2)C(=O)C1,5.4,"Konda et al, 2019",1
103543546,O=C(c1ccc(F)cc1)N1CCN(c2ccc(OC3CCN(C4CCCC4)CC3)cc2)C(=O)C1,4.7,"Konda et al, 2019",1
103543547,N#Cc1ccc(C(=O)N2CCN(c3ccc(OC4CCN(C5CCCC5)CC4)cc3)C(=O)C2)cc1,4.2,"Konda et al, 2019",1
103543549,CS(=O)(=O)c1ccc(C(=O)N2CCN(c3ccc(OC4CCN(C5CCCC5)CC4)cc3)C(=O)C2)cc1,4.2,"Konda et al, 2019",1
103543551,CS(=O)(=O)c1cccc(C(=O)N2CCN(c3ccc(OC4CCN(C5CCCC5)CC4)cc3)C(=O)C2)c1,4.2,"Konda et al, 2019",1
103543555,O=C(c1cc(F)cc(F)c1)N1CCN(c2ccc(OC3CCN(C4CCCC4)CC3)cc2)C(=O)C1,5.1,"Konda et al, 2019",1
103543556,O=C(c1ccc(F)cc1F)N1CCN(c2ccc(OC3CCN(C4CCCC4)CC3)cc2)C(=O)C1,4.6,"Konda et al, 2019",1
103548580,CN(C)C(=O)[C@@H](c1ccc(N(C)C(=O)c2ccc(F)cc2)cc1)[C@H](N)C(=O)N1CC[C@H](F)C1,4.05,"Konda et al, 2019",1
103548591,CN(C)C(=O)[C@@H](C1CCC(N(C)C(=O)c2cccc(F)c2)CC1)[C@H](N)C(=O)N1CC[C@H](F)C1,4.05,"Konda et al, 2019",1
103548592,C[C@@H](C1CCC(N(C)C(=O)c2cccc(F)c2)CC1)[C@H](N)C(=O)N1CC[C@H](F)C1,4.11,"Konda et al, 2019",1
103548595,CC(=O)N(C)C1CCC([C@H](C(=O)N(C)C)[C@H](N)C(=O)N2CC[C@H](F)C2)CC1,4.05,"Konda et al, 2019",1
103548597,C[C@@H](C1CCC(N(C)C(=O)C2CC2)CC1)[C@H](N)C(=O)N1CC[C@H](F)C1,4.41,"Konda et al, 2019",1
103558175,Cc1cccc(N=C(NC#N)c2ccc(-c3ccc(Cl)cc3)o2)c1,4.52,"Konda et al, 2019",1
103572178,CS(=O)(=O)c1ccc(-c2noc([C@@H](CC3CC3)[C@H](N)C(F)=C3CCCC3)n2)c(Cl)c1,5.15,"Konda et al, 2019",1
103572219,CS(=O)(=O)c1ccc(-c2noc([C@@H](CCO)[C@H](N)C(F)=C3CCCC3)n2)c(Cl)c1,4.33,"Konda et al, 2019",1
103572263,CC(c1nc(-c2ccc(S(C)(=O)=O)cc2Cl)no1)[C@H](N)C(F)=C1CCCC1,4.72,"Konda et al, 2019",1
103584401,O=C1C=C/C(=C2/N=C(C3CCN(Cc4ccc(-c5nc6cc[nH]c(=O)c6cc5-c5ccccc5)cc4)CC3)NN2)C=N1,5,"Konda et al, 2019",1
103584478,O=C1C=C/C(=C2/N=C(C3CCN(Cc4ccc(-c5nc6nc(N7CCN(CCO)CC7)ncc6cc5-c5ccccc5)cc4)CC3)NN2)C=N1,5.17,"Konda et al, 2019",1
103584479,CN(C)CCN1CCN(c2ncc3cc(-c4ccccc4)c(-c4ccc(CN5CCC(C6=N/C(=C7/C=CC(=O)N=C7)NN6)CC5)cc4)nc3n2)CC1,6.1,"Konda et al, 2019",1
103584480,CN1CCN(c2ncc3cc(-c4ccccc4)c(-c4ccc(CN5CCC(C6=NC(=C7C=CN(O)C=C7)N=N6)CC5)cc4)nc3n2)CC1,5.01,"Konda et al, 2019",1
103584481,OCCN1CCN(c2ncc3cc(-c4ccccc4)c(-c4ccc(CN5CCC(C6=NC(=C7C=CN(O)C=C7)N=N6)CC5)cc4)nc3n2)CC1,5,"Konda et al, 2019",1
103584482,CN(C)CCN1CCN(c2ncc3cc(-c4ccccc4)c(-c4ccc(CN5CCC(C6=NC(=C7C=CN(O)C=C7)N=N6)CC5)cc4)nc3n2)CC1,5.1,"Konda et al, 2019",1
103596610,N#Cc1ccnc(C2=NCC(c3ccc(F)cc3)(c3ccc(F)cc3)N2)c1,7,"Konda et al, 2019",1
103596611,Fc1ccc(C2(c3ccc(F)cc3)CN=C(c3cnccn3)N2)cc1,5.47,"Konda et al, 2019",1
103596612,C[C@@H]1N=C(c2cc(C#N)ccn2)NC1(c1ccc(F)cc1)c1ccc(F)cc1,5.76,"Konda et al, 2019",1
103596691,CC[C@@H]1N=C(c2cc(C#N)ccn2)NC1(c1ccc(F)cc1)c1ccc(F)cc1,6.31,"Konda et al, 2019",1
103596692,CCC[C@@H]1N=C(c2cc(C#N)ccn2)NC1(c1ccc(F)cc1)c1ccc(F)cc1,6.31,"Konda et al, 2019",1
103596693,N#Cc1ccnc(C2=N[C@@H](CO)C(c3ccc(F)cc3)(c3ccc(F)cc3)N2)c1,5.21,"Konda et al, 2019",1
103596694,C[C@@H]1N=C(c2cnccn2)NC1(c1ccc(F)cc1)c1ccc(F)cc1,5,"Konda et al, 2019",1
103596695,C[C@@H]1N=C(c2cc(C#N)ccn2)N[C@@]1(c1ccc(F)cc1)c1ccc(F)nc1,5,"Konda et al, 2019",1
103596764,C[C@@H]1N=C(c2cc(C#N)ccn2)N[C@]1(c1ccc(F)cc1)c1ccc(F)nc1,5,"Konda et al, 2019",1
103596765,C[C@@H]1N=C(c2cc(C#N)ccn2)NC1(c1ccc(F)nc1)c1ccc(F)nc1,5,"Konda et al, 2019",1
103596768,C[C@@H]1N=C(c2cccc(C#N)c2)N[C@@]1(c1ccc(F)cc1)c1ccc(F)nc1,5.36,"Konda et al, 2019",1
103596839,C[C@@H]1N=C(c2cccc(S(C)(=O)=O)c2)N[C@@]1(c1ccc(F)cc1)c1ccc(F)nc1,5,"Konda et al, 2019",1
103596840,C[C@@H]1N=C(c2cncc(C#N)c2)N[C@@]1(c1ccc(F)cc1)c1ccc(F)nc1,5,"Konda et al, 2019",1
103596841,C[C@@H]1N=C(c2cccc(C#N)n2)N[C@@]1(c1ccc(F)cc1)c1ccc(F)nc1,5.16,"Konda et al, 2019",1
103596842,C[C@@H]1N=C(c2ccnc(C#N)c2)N[C@@]1(c1ccc(F)cc1)c1ccc(F)nc1,5,"Konda et al, 2019",1
103596843,C[C@@H]1N=C(c2nccc(C#N)n2)N[C@@]1(c1ccc(F)cc1)c1ccc(F)nc1,5,"Konda et al, 2019",1
103596902,COc1ccnc(C2=N[C@@H](C)[C@](c3ccc(F)cc3)(c3ccc(F)nc3)N2)c1,5.2,"Konda et al, 2019",1
103596903,C[C@@H]1N=C(c2cc(Cl)ccn2)N[C@@]1(c1ccc(F)cc1)c1ccc(F)nc1,5.11,"Konda et al, 2019",1
103596904,C[C@@H]1N=C(c2cc(C(N)=O)ccn2)N[C@@]1(c1ccc(F)cc1)c1ccc(F)nc1,5,"Konda et al, 2019",1
103596905,C[C@@H]1N=C(c2cnccn2)N[C@@]1(c1ccc(F)cc1)c1ccc(F)nc1,5,"Konda et al, 2019",1
103596906,C[C@@H]1N=C(c2cccc(=O)[nH]2)N[C@@]1(c1ccc(F)cc1)c1ccc(F)nc1,5,"Konda et al, 2019",1
103596969,C[C@@H]1N=C(c2cnsn2)N[C@@]1(c1ccc(F)cc1)c1ccc(F)nc1,5,"Konda et al, 2019",1
103596970,C[C@@H]1N=C(c2nccs2)N[C@@]1(c1ccc(F)cc1)c1ccc(F)nc1,5,"Konda et al, 2019",1
103608724,CN1CC(C)(NC(=O)Nc2cccc(-c3nnnn3C)c2)C(CN2CCC[C@@H](Cc3ccc(F)cc3)C2)OC1=O,4.8,"Konda et al, 2019",1
103611054,O=c1[nH]nc2c3cc(-c4ccccc4)c(-c4ccc(CN5CCC(c6nc(-c7ccccn7)n[nH]6)CC5)cc4)nc3ccn12,5.27,"Konda et al, 2019",1
103611411,CCN(CC)Cc1cc(Nc2ccnc3cc(Cl)ccc23)ccc1O,5.62,"Konda et al, 2019",1
103614125,O=c1[nH]oc2cc(Cl)ccc12,5,"Konda et al, 2019",1
103615860,CC(C)COc1ccc(Cl)cc1-c1ccccc1-c1cccc(C(=O)O)n1,4.5,"Konda et al, 2019",1
103616011,O=C(O)c1cccc(Cc2cc(Cl)ccc2OCc2ccc(Cl)cc2F)n1,4.5,"Konda et al, 2019",1
103650398,CN(C)C(=O)[C@@H](c1ccc(C2=CN3NC=NC3C=C2)cc1)[C@H](N)C(=O)N1CC[C@H](F)C1,4.07,"Konda et al, 2019",1
103650506,CC(C)[C@H](Oc1ccc(CNC(=O)[C@@H]2CCCN2C(=O)C[C@H](N)Cc2cc(F)ccc2F)cc1)C(=O)O,4.12,"Konda et al, 2019",1
103654782,C[N+]1([O-])CCN(C2=c3ccccc3=Nc3ccc(Cl)cc3N2)CC1,3.88,"Konda et al, 2019",1
103655065,N#Cc1ccc(Cn2cncc2CN[C@H]2CCN(C(=O)c3ccc[nH]c3=O)C2=O)cc1,4.3,"Konda et al, 2019",1
103655067,N#Cc1ccc(Cn2cncc2CN[C@H]2CCN(C(=O)c3ccc[nH]c3=S)C2=O)cc1,4.96,"Konda et al, 2019",1
103675938,Cc1ccc(C(=O)N2CCN(c3ccc(OCCCN4CCCCC4)cc3)C(=O)C2)cc1,4.5,"Konda et al, 2019",1
103675939,CC(C)(C)C(=O)N1CCN(c2ccc(OCCCN3CCCCC3)cc2)C(=O)C1,4.2,"Konda et al, 2019",1
103675940,Cc1ccc(C(=O)N2CCN(c3ccc(OC4CCN(C5CCC5)CC4)cc3)C(=O)C2)cc1,4.2,"Konda et al, 2019",1
103675941,O=C(c1ccc(F)cc1)N1CCN(c2ccc(OC3CCN(C4CCC4)CC3)cc2)C(=O)C1,4.5,"Konda et al, 2019",1
103679290,O=C1NCC(c2ccccc2)C12CCN(C1(c3ccccc3)CCOCC1)CC2,4.85,"Konda et al, 2019",1
103679374,O=C(c1ccccc1)N1CCN(c2ccc(OCCCN3CCCCC3)cc2)C(=O)C1,4.2,"Konda et al, 2019",1
103679470,Cc1cccc(N=C(N)c2ccc(-c3ccc(Cl)cc3)o2)c1,5.68,"Konda et al, 2019",1
103679484,O=C(c1ccccc1)N1CCN(c2ccc(OC3CCN(C4CCC4)CC3)cc2)C(=O)C1,4.2,"Konda et al, 2019",1
103679485,O=C(c1ccc(Cl)cc1)N1CCN(c2ccc(OC3CCN(C4CCC4)CC3)cc2)C(=O)C1,4.5,"Konda et al, 2019",1
103681430,N[C@H]1Cn2c(nc3cnc(F)cc32)C[C@@H]1c1cc(F)c(F)cc1F,4.09,"Konda et al, 2019",1
103681552,N[C@H]1Cn2c(nc3ccc(F)cc32)C[C@@H]1c1cc(F)c(F)cc1F,4.77,"Konda et al, 2019",1
103683156,N[C@H]1Cn2c(nc3cnc(C(F)(F)F)cc32)C[C@@H]1c1cc(F)c(F)cc1F,4.24,"Konda et al, 2019",1
103683294,CS(=O)(=O)c1ccc2c(c1)nc1n2C[C@H](N)[C@@H](c2cc(F)c(F)cc2F)C1,4.42,"Konda et al, 2019",1
103684843,CS(=O)(=O)Nc1ccc2c(c1)nc1n2C[C@H](N)[C@@H](c2cc(F)c(F)cc2F)C1,5.6,"Konda et al, 2019",1
103684850,N[C@H]1Cn2c(nc3cnccc32)C[C@@H]1c1cc(F)c(F)cc1F,4.05,"Konda et al, 2019",1
103684857,N[C@H]1Cn2c(nc3ncccc32)C[C@@H]1c1cc(F)c(F)cc1F,4.05,"Konda et al, 2019",1
103685704,O=c1n(C[C@@H](O)CO)c2ccccc2n1C1CCN(C[C@H]2[C@H]3CC[C@H](C3)C23CC3)CC1,4.6,"Konda et al, 2019",1
103686256,Cc1cc2cc(NC(=N[C@H]3CCCCN(CC(=O)N4CCCC4)C3=O)NC#N)ccc2o1,4.1,"Konda et al, 2019",1
103688557,N[C@H]1Cn2c(nc3cc(C(F)(F)F)ccc32)C[C@@H]1c1cc(F)c(F)cc1F,5.12,"Konda et al, 2019",1
103693378,COc1cccnc1C(=O)N1CCN(c2ccc(NC(=O)C(C)(C)c3ccccc3)cc2Cl)CC1,4.3,"Konda et al, 2019",1
103696720,O=c1ccc(-c2cnc3nc(N4CCC(N5CCCCC5)CC4)sc3c2)c[nH]1,3.49,"Konda et al, 2019",1
103696784,O=c1ccc(-c2cc3sc(N4CCC(N5CCCCC5)CC4)nc3cn2)c[nH]1,3.72,"Konda et al, 2019",1
103696798,CC[C@H]1OC(=O)[C@H](C)C(=O)[C@H](C)[C@@H](O[C@@H]2O[C@H](C)C[C@H](N(C)C)[C@H]2O)[C@](C)(O)C[C@@H](C)C(=O)[C@H](C)[C@H]2N(C3CN(Cc4c5[nH]cccc-5ncc4=O)C3)C(=O)O[C@]12C,4.17,"Konda et al, 2019",1
103710178,Cc1cc(/C=C2\SC(Nc3ccccc3)=NC2=O)c(C)n1-c1ccccc1,4.48,"Konda et al, 2019",1
103756867,O=c1nc(-c2ccc(C(F)(F)F)cc2)[nH]c2c1CSCC2,4.52,"Konda et al, 2019",1
103757807,C[C@@H]1CCCN1CCc1ccc2nc(-c3c(C(F)(F)F)[nH]ccc3=O)ccc2c1,4.4,"Konda et al, 2019",1
103770285,Cc1cc(Cl)ccc1-c1nc2c(cc1-c1ccc(Cl)cc1)C(NC(=O)C(O)C(F)(F)F)CC(C)(C)O2,6.59,"Konda et al, 2019",1
104240780,Cc1c(C(=O)NCCN2CCN(c3cccc(Cl)c3Cl)CC2)cc(C(C)(C)C)n1C,5.16,"Konda et al, 2019",1
104244734,NC(=O)c1cccc(S(=O)C2C[C@@H]3CC[C@H](C2)N3Cc2ccccc2)c1,4.7,"Konda et al, 2019",1
123085685,Cc1nc(C(=O)NCCCN2CCN(c3cccc(C)c3C)CC2)cc(C(C)(C)C)n1,5.23,"Konda et al, 2019",1
123087999,CSc1nc(C)cc(C(=O)NCCN2CCN(c3cccc(C)c3C)CC2)n1,5,"Konda et al, 2019",1
123090089,Cc1cc(C(=O)NCCCN2CCN(c3cccc(Cl)c3Cl)CC2)nc(C)n1,5,"Konda et al, 2019",1
123091812,Cc1ncoc1-c1nnc(SCCCN[C@@H]2CC3C[C@]3(c3ccc(C(F)(F)F)cc3F)C2)n1C,6,"Konda et al, 2019",1
123092678,Cc1nc(C(=O)NCCCN2CCN(c3cccc(Cl)c3Cl)CC2)cc(C(C)C)n1,5.27,"Konda et al, 2019",1
123097241,Cc1nc2ccccc2n1C1C[C@@H]2CC[C@H](C1)N2CC[C@H](NC(=O)C1CCS(=O)CC1)c1cccc(F)c1,5,"Konda et al, 2019",1
124756565,COc1ccc(C(=O)CSc2nnc(-c3ccco3)n2C(C)C2CC3CCC2C3)cc1OC,4.87,"Konda et al, 2019",1
124971989,FC(F)(F)c1ccccc1-c1cc(C(F)(F)F)c2c(c1)=N/C(=C1\CC3(CCCCC3)ON1)N=2,4.8,"Konda et al, 2019",1
125258860,CC(C1CC2CCC1C2)n1c(SCc2ccccc2)nnc1-c1ccco1,5.01,"Konda et al, 2019",1
125267730,COc1ccc(CCSc2nnc(-c3ccco3)n2C(C)C2CC3CCC2C3)cc1OC,4.78,"Konda et al, 2019",1
125267731,CC(C1CC2CCC1C2)n1c(SCC(=O)c2ccccc2)nnc1-c1ccco1,4.62,"Konda et al, 2019",1
125267732,COc1ccc(C(=O)CSc2nnc(-c3ccco3)n2C(C)C2CC3CCC2C3)cc1,4.7,"Konda et al, 2019",1
125267734,COc1cccc(C(=O)CSc2nnc(-c3ccco3)n2C(C)C2CC3CCC2C3)c1,4.77,"Konda et al, 2019",1
125300003,CC(C1CC2CCC1C2)n1c(SCC(=O)c2ccc3c(c2)OCO3)nnc1-c1ccco1,5.46,"Konda et al, 2019",1
126490194,CC(C1CC2CCC1C2)n1c(SCCc2cccc(O)c2)nnc1-c1ccco1,5.09,"Konda et al, 2019",1
126490195,COc1ccc(CSc2nnc(-c3ccco3)n2C(C)C2CC3CCC2C3)cc1OC,4.74,"Konda et al, 2019",1
126490196,COc1cccc(CCSc2nnc(-c3ccco3)n2C(C)C2CC3CCC2C3)c1,5.34,"Konda et al, 2019",1
131273795,CNCC[C@@H](Oc1cc(Cl)ccc1C#N)c1ccccc1,5,"Konda et al, 2019",1
131273797,N#Cc1ccc(C(F)(F)F)nc1O[C@H](CCN)c1ccno1,5,"Konda et al, 2019",1
131280017,C[C@@H]1N=C(c2ccc(=O)n(C(F)F)c2)N[C@@]1(c1ccc(F)cc1)c1ccc(F)nc1,8,"Konda et al, 2019",1
131280018,COn1cc(C2=N[C@@H](C)[C@](c3ccc(F)cc3)(c3ccc(F)nc3)N2)ccc1=O,8,"Konda et al, 2019",1
134418966,COc1ccc(NC(=O)CSc2nnc(-c3ccco3)n2C(C)C2CC3CCC2C3)cc1OC,4.59,"Konda et al, 2019",1
134418968,CC(C1CC2CCC1C2)n1c(SCCc2ccccn2)nnc1-c1ccco1,4.9,"Konda et al, 2019",1
134418971,COc1ccc(C(=O)CCSc2nnc(-c3ccco3)n2C(C)C2CC3CCC2C3)cc1OC,4.8,"Konda et al, 2019",1
134418972,COc1cccc(-c2nnc(SSc3nnc(-c4cccc(OC)c4)n3C(C)C3CC4CCC3C4)n2C(C)C2CC3CCC2C3)c1,6.4,"Konda et al, 2019",1
134418978,C[C@H]([C@@H]1CC2CC[C@H]1C2)n1c(-c2ccsc2)n[nH]c1=S,6.08,"Konda et al, 2019",1
134438306,CCN=C(NS(=O)(=O)c1cccc(Cl)c1)N1N=CCC1c1ccccc1,5,"Konda et al, 2019",1
134442324,CCN=C(NS(=O)(=O)c1cccc(Cl)c1)N1CC(CC)C=N1,5,"Konda et al, 2019",1
134446204,CCN=C(NS(=O)(=O)c1cccc(Cl)c1)N1CC(C)(C)C=N1,5,"Konda et al, 2019",1
134449161,COc1cc(OC)cc(C(=O)NCC2(C(=O)O)CCN(Cc3ccc(C(F)(F)F)cc3)CC2)c1,4.92,"Konda et al, 2019",1
134453758,CN=S(C)(=O)c1ccc(C2=C(c3ccccc3)C(=O)OC2)cc1,4,"Konda et al, 2019",1
134461608,CCN=C(NS(=O)(=O)c1cccc(Cl)c1)N1CC2(C=N1)CCNCC2,5.1,"Konda et al, 2019",1
136924368,CNC1CCC(N2CCc3ccc(N=C(N)c4cccs4)cc32)CC1,4.89,"Konda et al, 2019",1
136932952,COc1cc(OC(C)C)cc(S(=O)(=O)c2ccc3c(c2)O[C@H]2CNCC[C@@H]32)c1,5.48,"Konda et al, 2019",1
136934309,CN1CCC[C@H]1CCN1CCCc2cc(N=C(N)c3cccs3)ccc21,5.33,"Konda et al, 2019",1
136939783,COc1ccc(C2(O)CCC(N3CC[C@@H](NC(=O)CNC(=O)c4cccc(C(F)(F)F)c4)C3)CC2)cn1,7.52,"Konda et al, 2019",1
136942375,CC(=O)NCCc1ccccc1-c1ccc([C@@H](CN)Cc2ccc(OCCOc3c(Cl)cc(C)cc3Cl)cc2)c(C)c1,8.22,"Konda et al, 2019",1
136942609,C[N+](C)(CCCCNC(=O)Cc1ccc(OCc2ccccc2)cc1)CCNC(=O)c1nc(Cl)c(N)nc1N,6.48,"Konda et al, 2019",1
160668506,Cc1cccnc1CN1CCC2(CC1)C(=O)N(c1ccc(-c3cnc(=O)[nH]c3)cc1)C(=O)N2c1cc(=O)nc[nH]1,4.22,"Konda et al, 2019",1
160668726,Cc1cccnc1CN1CCC2(CC1)C(=O)N(c1ccc(-c3ccccc3)cc1)C(=O)N2c1cc(=O)nc[nH]1,6.66,"Konda et al, 2019",1
160673796,COCc1nc(-c2ccc(N3C(=O)N(c4cc(=O)nc[nH]4)C4(CCN(Cc5ncccc5C)CC4)C3=O)cc2)no1,5.11,"Konda et al, 2019",1
160678919,CNC1CCCC(c2c[nH]c3ccc(N=C(N)c4cccs4)cc23)C1,4.48,"Konda et al, 2019",1
160683742,CS(=N)(=O)c1ccc(C2=C(c3ccccc3)C(=O)OC2)cc1,4,"Konda et al, 2019",1
160684280,CCN[C@H]1CCC[C@@H](c2c[nH]c3ccc(N=C(N)c4cccs4)cc23)C1,4.79,"Konda et al, 2019",1
160684449,Cc1cccnc1CN1CCC2(CC1)C(=O)N(c1ccc(-n3cccn3)cc1)C(=O)N2c1cc(=O)nc[nH]1,5.05,"Konda et al, 2019",1
160684450,Cc1cccnc1CN1CCC2(CC1)C(=O)N(c1ccc(-c3ccno3)cc1)C(=O)N2c1cc(=O)nc[nH]1,4.66,"Konda et al, 2019",1
160685856,O=S1CCC(C2N[C@@H](c3ncc(-c4ccccc4)[nH]3)Cc3c2[nH]c2ccccc32)CC1,7,"Konda et al, 2019",1
160689084,CN=S(C)(=O)c1ccc(Nc2ncc(C(F)(F)F)c(N[C@@H]3CCC[C@H]3N(C)C)n2)cc1,4.69,"Konda et al, 2019",1
160689648,CCNC1CCC(c2c[nH]c3ccc(N=C(N)c4cccs4)cc23)CC1,4.64,"Konda et al, 2019",1
160689874,Cc1cccnc1CN1CCC2(CC1)C(=O)N(c1ccc(-c3ccc(-c4ccn[nH]4)cc3)cc1)C(=O)N2c1cc(=O)nc[nH]1,5.09,"Konda et al, 2019",1
160690000,COCC1=C(C(=O)N2CCC[C@H]2c2cc(C)no2)[C@@H](c2cc3ccccc3n2C)N2NC(C(F)(F)F)=CC2=N1,5,"Konda et al, 2019",1
160690145,Cc1cccnc1CN1CCC2(CC1)C(=O)N(c1ccc(C3CCCCC3)cc1)C(=O)N2c1cc(=O)nc[nH]1,6,"Konda et al, 2019",1
160695088,CNC1CCC(c2c[nH]c3ccc(N=C(N)c4cccs4)cc23)CC1,4.41,"Konda et al, 2019",1
160695274,Cc1nc(C)c(-c2ccc(N3C(=O)N(c4cc(=O)nc[nH]4)C4(CCN(Cc5ncccc5C)CC4)C3=O)cc2)s1,6.02,"Konda et al, 2019",1
160695301,Cc1cccnc1CN1CCC2(CC1)C(=O)N(c1ccc(-c3ccc4scnc4c3)cc1)C(=O)N2c1cc(=O)nc[nH]1,5.82,"Konda et al, 2019",1
160695590,Cc1cccnc1CN1CCC2(CC1)C(=O)N(c1ccc(N3CCC3=O)cc1)C(=O)N2c1cc(=O)nc[nH]1,4.57,"Konda et al, 2019",1
160700686,Cc1cc(C(=O)O)ccc1-c1ccc(N2C(=O)N(c3cc(=O)nc[nH]3)C3(CCN(Cc4ncccc4C)CC3)C2=O)cn1,4.7,"Konda et al, 2019",1
160700915,Cc1cccnc1CN1CCC2(CC1)C(=O)N(c1ccc(-c3ccc(C(=O)O)cc3)cc1)C(=O)N2c1cc(=O)nc[nH]1,4.52,"Konda et al, 2019",1
160704599,CC(=O)N1CCC(C(=O)N(CCCN2CCN(Cc3ccc(F)cc3)CC2)c2ccc(C)c(Cl)c2)CC1,5.74,"Konda et al, 2019",1
160705959,Cc1cccnc1CN1CCC2(CC1)C(=O)N(c1ccc(-c3ccc(N4CCOCC4)cc3)cc1)C(=O)N2c1cc(=O)nc[nH]1,4.89,"Konda et al, 2019",1
163313434,N#Cc1cnc(C(=O)Nc2ccc(C3CCNCC3)cc2C2=CCCCC2)[nH]1,5,"Konda et al, 2019",1
163314046,Cc1ccccc1N1N/C(=c2/c(-c3ccc(F)cc3)nn3c2=NC[C@@H](CO)C3)C=CC1=O,4,"Konda et al, 2019",1
163314081,CC(C)(C)C(=O)N1CCC(c2ccc(C(=O)N=C(N)N)cc2C(F)(F)F)CC1,4.57,"Konda et al, 2019",1
163314082,Cn1ccnc1C(=O)N1CCC(c2ccc(C(=O)N=C(N)N)cc2C(F)(F)F)CC1,4.52,"Konda et al, 2019",1
163315008,NC(=Nc1ccc2c(c1)CCN2C1CCNCC1)c1cccs1,4.89,"Konda et al, 2019",1
163316326,COCc1ccc2c3nc(N4CCC[C@@H](N)C4)n(Cc4ccccc4Cl)c3c(=O)n(C)c2c1,5.74,"Konda et al, 2019",1
163317544,OCCn1cc(-c2cnc3nnn(Cc4ccc5ncccc5c4)c3n2)cn1,4.52,"Konda et al, 2019",1
163318136,Cn1cc2c(OCC3CCN(CCc4ccc(N)cc4)CC3)nc3ccccc3c2c1,7.3,"Konda et al, 2019",1
163321599,Cn1cc2c(OCC3CCN(CCN4CCOCC4)CC3)nc3ccccc3c2c1,5.91,"Konda et al, 2019",1
163324366,N#Cc1ccc(C(=O)N2CCC(c3ccc(C(=O)N=C(N)N)cc3C(F)(F)F)CC2)cc1,5.4,"Konda et al, 2019",1
163324459,Fc1cc(C(Oc2ccccc2)C2CNC2)ccc1Cl,5.81,"Konda et al, 2019",1
163327827,CC(=O)N1CCC(c2cc(C)c(C(=O)N=C(N)N)cc2C(F)(F)F)CC1,5.15,"Konda et al, 2019",1
163328414,CC(C)n1nc(C(=O)NCC2CCN(CCNS(C)(=O)=O)CC2)c2ccccc21,5.58,"Konda et al, 2019",1
163331356,CCC(=O)N1CCC(c2ccc(C(=O)N=C(N)N)cc2C(F)(F)F)CC1,4.52,"Konda et al, 2019",1
163331454,CCCOC(c1ccc2ccccc2c1)C1CNC1,6.01,"Konda et al, 2019",1
163334819,COCC(=O)N1CCC(c2ccc(C(=O)N=C(N)N)cc2C(F)(F)F)CC1,4.52,"Konda et al, 2019",1
163334936,c1ccc(OC(c2ccc3ccccc3c2)C2CNC2)cc1,6.08,"Konda et al, 2019",1
163334937,Clc1ccc(OC(c2ccc3ccccc3c2)C2CNC2)cc1Cl,6.74,"Konda et al, 2019",1
163337049,Cn1c(=O)c2c(nc(N3CCC[C@@H](N)C3)n2Cc2cc(F)ccc2Cl)c2ccc(C(=O)O)cc21,5,"Konda et al, 2019",1
163338225,CC(=O)N1CCC(c2ccc(C(=O)N=C(N)N)cc2C(F)(F)F)CC1,4.52,"Konda et al, 2019",1
163338227,N#Cc1cccc(C(=O)N2CCC(c3ccc(C(=O)N=C(N)N)cc3C(F)(F)F)CC2)c1,4.52,"Konda et al, 2019",1
163338331,CCCOC(c1ccc(Cl)c(Cl)c1)C1CNC1,5.66,"Konda et al, 2019",1
164136828,COc1ccc(NC(=O)c2ccc(CS(C)=O)c3ccccc23)c(C(=O)NCC2CCOCC2)n1,4.49,"Konda et al, 2019",1
164142411,CS(=O)Cc1ccc(C(=O)Nc2cccnc2C(=O)NCC2CCOCC2)c2ccccc12,4.49,"Konda et al, 2019",1
164148010,CS(=O)Cc1ccc(C(=O)Nc2nccnc2C(=O)NCC2CCC2)c2ccccc12,4.77,"Konda et al, 2019",1
174509565,COC(=O)c1ccccc1-c1ccc(CN2CCC(COC(=O)c3c4n(c5ccccc35)CCCO4)CC2)cc1,6.88,"Konda et al, 2019",1
174519772,O=C(O)c1ccccc1-c1ccc(CN2CCC(COC(=O)c3c4n(c5ccccc35)CCCO4)CC2)cc1,4.32,"Konda et al, 2019",1
194180482,C/C(NNC(=O)c1cccc(S(=O)(=O)N2CCOCC2)c1)=C1/C=C(Cl)C=CC1=O,5,"Konda et al, 2019",1
242610830,CC(C)n1nc(C(=O)NCC2CCN(CCN3CCOCC3)CC2)c2ccccc21,4.49,"Konda et al, 2019",1
242610999,Cc1c(Cl)cccc1N1CCN(CCCNC(=O)c2nc(-c3ccccc3)n(-c3ccccc3)c2Cn2cncn2)CC1,5.01,"Konda et al, 2019",1
242611013,Cc1cccc(N2CCN(CCCNC(=O)c3nc(C)n(-c4ccc5c(c4)OCCO5)c3C)CC2)c1C,5.06,"Konda et al, 2019",1
242611246,Cc1nc(C(=O)NCCCN2CCN(c3cccc(Cl)c3Cl)CC2)c(C)n1-c1ccccc1,5.09,"Konda et al, 2019",1
242611273,CC(C)n1nc(C(=O)NCC2CCN(CCc3ccc(N)cc3)CC2)c2ccccc21,4.65,"Konda et al, 2019",1
242611406,Cc1c(C(=O)NCCCN2CCN(c3cccc(Cl)c3Cl)CC2)cc(-c2ccccn2)n1C,5.77,"Konda et al, 2019",1
242611475,COc1ccc(CN(C(=O)[C@@H](N)Cc2c(C)cc(C(N)=O)cc2C)[C@@H](C)c2ncc(-c3ccccc3)[nH]2)cc1C(=O)O,5,"Konda et al, 2019",1
242611848,CCCn1c(-c2ccccn2)cc(C(=O)NCCCN2CCN(c3cccc(Cl)c3Cl)CC2)c1C,6,"Konda et al, 2019",1
242611904,Cc1nc(C(=O)NCCN2CCN(c3cccc(Cl)c3Cl)CC2)c(C)n1-c1ccccc1,5,"Konda et al, 2019",1
242612286,Cc1[nH]c(-c2ccccn2)cc1C(=O)NCCCN1CCN(c2cccc(Cl)c2Cl)CC1,6.05,"Konda et al, 2019",1
242612315,Cc1c(Cl)cccc1N1CCN(CCCNC(=O)c2nc(-c3ccccc3)n(-c3ccccc3)c2C)CC1,5.89,"Konda et al, 2019",1
242635091,C[C@@H](N1CCc2nc(-c3cncnc3)sc2C1)[C@](O)(Cn1cncn1)c1ccc(F)cc1F,4.4,"Konda et al, 2019",1
242635352,c1cncc(OC[C@H]2CNCCN2c2nc3ncccc3o2)c1,4.14,"Konda et al, 2019",1
242635384,COc1ccc(NC(=O)N2CCNC[C@@H]2COc2cccnc2)cc1,4.51,"Konda et al, 2019",1
312347341,CCOC(=O)N1CCC(CN2CCC3(CC2)CN(C(=O)N(C)C)c2ncccc23)CC1,5,"Konda et al, 2019",1
312350968,CCOC[C@@H](CC(C)C)NC(=O)[C@@H]1CNC[C@H](C(=O)N(c2cc(OCCCOC)c(C(C)C)cc2F)C2CC2)C1,5.26,"Konda et al, 2019",1
312350969,CCOC[C@@H](CC(C)C)NC(=O)[C@@H]1CNC[C@H](C(=O)N(c2cc3c(cc2F)OC(C)(C)C(=O)N3CCCOC)C2CC2)C1,4.52,"Konda et al, 2019",1
312350970,CCOC[C@@H](CC(C)C)NC(=O)[C@@H]1CNC[C@H](C(=O)N(c2cc(OCCCOC)c(C(C)C)cn2)C2CC2)C1,4.52,"Konda et al, 2019",1
312350971,CCOC[C@@H](CC(C)C)NC(=O)[C@@H]1CNC[C@H](C(=O)N(c2ccc(C(C)C)c(OCCCOC)n2)C2CC2)C1,5.48,"Konda et al, 2019",1
312350972,CCOC[C@@H](CC(C)C)NC(=O)[C@@H]1CNC[C@H](C(=O)N(c2cc(OC)c(C(C)C)cn2)C2CC2)C1,4.52,"Konda et al, 2019",1
312350973,CCOC[C@@H](CC(C)C)NC(=O)[C@@H]1CNC[C@H](C(=O)N(c2cc(OCC)c(CC)cn2)C2CC2)C1,4.52,"Konda et al, 2019",1
312350974,CCOC[C@@H](CC(C)C)NC(=O)[C@@H]1CNC[C@H](C(=O)N(c2cc(OC)c(C(C)C)cn2)C2CC2)[C@@H]1O,4.52,"Konda et al, 2019",1
312350975,CCOC[C@@H](CC(C)C)NC(=O)[C@@H]1CNC[C@H](C(=O)N(c2cc(OCC)c(CC)cn2)C2CC2)[C@@H]1O,4.52,"Konda et al, 2019",1
312350976,CCOC[C@@H](CC(C)C)NC(=O)[C@@H]1CNC[C@H](C(=O)N(c2ccc(C(C)C)cn2)C2CC2)[C@@H]1O,4.52,"Konda et al, 2019",1
312357824,Clc1cccc(CN(CC2CNC2)c2ccccc2)c1Cl,5.73,"Konda et al, 2019",1
312357825,CC(C)N(Cc1ccc(Cl)c(Cl)c1)CC1CNC1,5.26,"Konda et al, 2019",1
312369372,CS(=O)c1ccc(-c2cnc3ccc(-c4cccc(S(C)=O)c4)nn23)cc1,4.92,"Konda et al, 2019",1
312371764,C[C@@H]1CN(c2nnc(C(F)(F)F)o2)CCN1c1ncc(OCc2ccc(CS(C)=O)cc2F)cn1,4.52,"Konda et al, 2019",1
312371768,C[C@@H]1CN(c2nc(C(F)(F)F)no2)CCN1c1ncc(OCc2ccc(CS(C)=O)cc2F)cn1,4.55,"Konda et al, 2019",1
312375825,NCC1CCC2(CC1)OOC1(O2)C2CC3CC(C2)CC1C3,5.74,"Konda et al, 2019",1
312377090,O=C1C=C/C(=c2/ccc3n[nH]/c(=C4/C=NC=C(O[C@H]5CNCCC56CC6)N4)c3c2)C(F)=C1,6.1,"Konda et al, 2019",1
312381113,CC(C)[C@]1(C)CC(=O)N(Cc2cc(F)cc(C(=O)N[C@@H](C)c3ccccc3)c2)C(N)=N1,5.05,"Konda et al, 2019",1
312388801,C=CCOc1ccc(Cl)cc1[C@H]1C[C@@H]1CN,6.57,"Konda et al, 2019",1
312388805,C=C(F)COc1ccc(Cl)cc1[C@H]1C[C@@H]1CN,5.4,"Konda et al, 2019",1
312388809,NC[C@H]1C[C@@H]1c1cc(Cl)ccc1OCCF,5.7,"Konda et al, 2019",1
312391757,COc1ccc2ncc(=O)c(CCC34CCC(NCc5ccc6c(n5)NC(=O)CO6)(CC3)CO4)c-2[nH]1,5.71,"Konda et al, 2019",1
312391758,O=C1COc2ccc(CNC34CCC(CCc5c(F)cnc6ccc(=O)[nH]c56)(CC3)OC4)nc2N1,8.32,"Konda et al, 2019",1
318372103,CC(C)N1CCN(C(=O)c2ccc(CN3CCOCC3)cc2)CC1,5,"Konda et al, 2019",1
318372105,O=C(c1ccc(CN2CCOCC2)cc1)N1CCN(C2CC2)CC1,5,"Konda et al, 2019",1
318374214,Cn1cc([C@@]2(c3nc(=O)o[nH]3)N[C@@H](c3ncc(-c4ccc(F)cn4)[nH]3)Cc3c2[nH]c2ccccc32)cn1,5.92,"Konda et al, 2019",1
318374219,CCn1cc([C@@]2(c3n[nH]c(=O)o3)N[C@@H](c3ncc(-c4ccc(F)cn4)[nH]3)Cc3c2[nH]c2ccccc32)cn1,4.65,"Konda et al, 2019",1
318374220,CCn1cc([C@@]2(c3n[nH]c(=S)o3)N[C@@H](c3ncc(-c4ccc(F)cn4)[nH]3)Cc3c2[nH]c2ccccc32)cn1,4.98,"Konda et al, 2019",1
318393893,NC1=NCc2cc(Cl)c(c(Cl)c2)NC(=O)CNCC=CCOc2ccc(cc2)N2CCC[C@H]2C(=O)N1,4.89,"Konda et al, 2019",1
318393894,NC1=NCc2cc(Cl)c(c(Cl)c2)NC(=O)CNCCC=CCOc2ccc(cc2)N2CCC[C@H]2C(=O)N1,4.89,"Konda et al, 2019",1
318393895,NC1=NCc2cc(Cl)c(c(Cl)c2)NC(=O)CNCCCCCOc2ccc(cc2)N2CCC[C@H]2C(=O)N1,4.89,"Konda et al, 2019",1
318393896,NC1=NCc2cc(Cl)c(c(Cl)c2)NC(=O)CNCCCC=CCOc2ccc(cc2)N2CCC[C@H]2C(=O)N1,4.89,"Konda et al, 2019",1
318393897,NC1=NCc2cc(Cl)c(c(Cl)c2)NC(=O)CNCCCCCCOc2ccc(cc2)N2CCC[C@H]2C(=O)N1,4.49,"Konda et al, 2019",1
318458239,O=C1C=C/C(=C2\Nc3cc(Cl)c(Cl)cc3N2Cc2ccc(Cl)c(Cl)c2)C=N1,5.3,"Konda et al, 2019",1
hERGCentral1,CCOC(=O)C1=CC2(CC)CCCN3CCc4c(n1c1ccccc41)C32,7.33,"Liu et al, 2020",2
hERGCentral2,CCNC(=O)N1CCN(CCCC(c2ccc(F)cc2)c2ccc(F)cc2)CC1,7.26,"Liu et al, 2020",2
hERGCentral3,O=C(CCCN1CCC(O)(c2cccc(C(F)(F)F)c2)CC1)c1ccc(F)cc1,7.17,"Liu et al, 2020",2
hERGCentral5,Cc1ccc(O)c(C(CCN(C(C)C)C(C)C)c2ccccc2)c1,7.05,"Liu et al, 2020",2
hERGCentral6,Cc1nc2sccn2c(=O)c1CCN1CCC(=C(c2ccccc2)c2ccc(F)cc2)CC1,7.03,"Liu et al, 2020",2
hERGCentral7,COc1ccccc1N1CCN(CCCCNC(=O)c2ccc3ccccc3c2)CC1,6.93,"Liu et al, 2020",2
hERGCentral8,O=C(CCCN1CCC(O)(c2ccc(Br)cc2)CC1)c1ccc(F)cc1,6.93,"Liu et al, 2020",2
hERGCentral9,OC(CCCN1CCC(O)(c2ccc(Cl)cc2)CC1)c1ccc(F)cc1,6.85,"Liu et al, 2020",2
hERGCentral12,O=C(CCCN1CCC(n2c(=O)[nH]c3ccccc32)CC1)c1ccc(F)cc1,6.77,"Liu et al, 2020",2
hERGCentral14,Cc1nc2sccn2c(=O)c1CCN1CCC(=C(c2ccc(F)cc2)c2ccc(F)cc2)CC1,6.73,"Liu et al, 2020",2
hERGCentral15,Oc1ccc2c3c1OC1c4oc5ccccc5c4CC4(O)C(C2)N(CC2CC2)CCC314,6.73,"Liu et al, 2020",2
hERGCentral16,CCC12CCCN3CCc4c(n(c5ccccc45)C(=O)C1)C32,6.7,"Liu et al, 2020",2
hERGCentral19,Cc1nc2ccccn2c(=O)c1CCN1CCC(C(=O)c2ccc(F)cc2)CC1,6.53,"Liu et al, 2020",2
hERGCentral20,CN(C)CC=C(c1ccc(Br)cc1)c1cccnc1,6.48,"Liu et al, 2020",2
hERGCentral21,CCC12CCCN3CCc4c(n(c5ccccc45)C(O)(C(=O)OC)C1)C32,6.46,"Liu et al, 2020",2
hERGCentral22,COc1ccccc1N1CCN(CCN(C(=O)c2ccc(F)cc2)c2ccccn2)CC1,6.45,"Liu et al, 2020",2
hERGCentral23,CN(C)CCN(Cc1ccc(Cl)cc1)c1ccccn1,6.45,"Liu et al, 2020",2
hERGCentral24,CN(C)CCN(Cc1cccs1)c1ccccn1,6.37,"Liu et al, 2020",2
hERGCentral25,CC1(C)C(=O)N(CCN2CCC(C(=O)c3ccc(F)cc3)CC2)c2ccccc21,6.35,"Liu et al, 2020",2
hERGCentral26,CC(CN1CCC(Cc2ccccc2)CC1)C(O)c1ccc(O)cc1,6.33,"Liu et al, 2020",2
hERGCentral27,O=C(c1ccc(F)cc1)C1CCN(CCn2c(=S)[nH]c3ccccc3c2=O)CC1,6.33,"Liu et al, 2020",2
hERGCentral28,CCN(CCCc1ccccc1)CCCc1ccccc1,6.32,"Liu et al, 2020",2
hERGCentral29,CC(C)(C)C1(O)CCN2CC3c4ccccc4CCc4cccc(c43)C2C1,6.28,"Liu et al, 2020",2
hERGCentral30,CCCN(CCC)C1CCc2ccc(O)cc2C1,6.25,"Liu et al, 2020",2
hERGCentral34,CC(COc1ccccc1Cc1ccccc1)N1CCCCC1,6.18,"Liu et al, 2020",2
hERGCentral35,COc1ccc2c(c1O)-c1cccc3c1C(C2)N(C)CC3,6.17,"Liu et al, 2020",2
hERGCentral36,COc1ccccc1N1CCN(CCCC(=O)c2ccc(F)cc2)CC1,6.17,"Liu et al, 2020",2
hERGCentral37,CCN1CCCC(OC(=O)C(c2ccccc2)c2ccccc2)C1,6.16,"Liu et al, 2020",2
hERGCentral38,COc1cc(C(=O)OCCCN2CCCN(CCCOC(=O)c3cc(OC)c(OC)c(OC)c3)CC2)cc(OC)c1OC,6.16,"Liu et al, 2020",2
hERGCentral40,COc1cc2c(cc1O)CC1c3c(cc(O)c(OC)c3-2)CCN1C,6.15,"Liu et al, 2020",2
hERGCentral41,CN1C(CC(O)c2ccccc2)CCCC1CC(O)c1ccccc1,6.14,"Liu et al, 2020",2
hERGCentral42,C=CC1CN2CCC1CC2C(O)c1ccnc2ccc(OC)cc12,6.13,"Liu et al, 2020",2
hERGCentral46,CC(CCc1ccccc1)NC(C)C(O)c1ccc(O)cc1,6.09,"Liu et al, 2020",2
hERGCentral48,CCn1cc(C(=O)O)c(=O)c2cnc(N3CCNCC3)nc21,6.09,"Liu et al, 2020",2
hERGCentral51,O=C1CCc2cc(OCCCCc3nnnn3C3CCCCC3)ccc2N1,6.06,"Liu et al, 2020",2
hERGCentral52,CCCCN1CCCC1CNC(=O)c1cc(C#N)c2ccccc2c1OC,6.03,"Liu et al, 2020",2
hERGCentral54,CN1CCc2cc(Br)c(O)cc2C(c2ccccc2)C1,6.03,"Liu et al, 2020",2
hERGCentral55,CCCCOc1cc(C(=O)NCCN(CC)CC)c2ccccc2n1,6.03,"Liu et al, 2020",2
hERGCentral58,Cc1cccc(C)c1OCC(C)N,6,"Liu et al, 2020",2
hERGCentral59,CN1CCCN(C(c2ccccc2)c2ccc(Cl)cc2)CC1,6,"Liu et al, 2020",2
hERGCentral60,CC(C(O)c1ccc(O)cc1)N1CCC(Cc2ccccc2)CC1,5.98,"Liu et al, 2020",2
hERGCentral63,OCCOCCN1CCN(C(c2ccccc2)c2ccc(Cl)cc2)CC1,5.94,"Liu et al, 2020",2
hERGCentral64,CCOC(=O)c1ncn2c1C1CCNC1C(=O)c1cc(OC)ccc1-2,5.89,"Liu et al, 2020",2
hERGCentral66,Nc1ccc(CCN2CCN(c3cccc(C(F)(F)F)c3)CC2)cc1,5.89,"Liu et al, 2020",2
hERGCentral70,O=C(O)C1=CCCNC1,5.82,"Liu et al, 2020",2
hERGCentral72,CSc1ccc2c(c1)C(N1CCN(C)CC1)Cc1ccccc1S2,5.8,"Liu et al, 2020",2
hERGCentral75,CCN(CC)CCOC(=O)C(c1ccccc1)c1ccccc1,5.75,"Liu et al, 2020",2
hERGCentral76,OC1(c2ccc(Cl)cc2)CCN(Cc2c[nH]c3ccccc23)CC1,5.75,"Liu et al, 2020",2
hERGCentral79,CCCCOc1cc(C(=O)OCCN(CC)CC)ccc1N,5.74,"Liu et al, 2020",2
hERGCentral80,CN(C)CCOc1ccccc1Cc1ccccc1,5.73,"Liu et al, 2020",2
hERGCentral84,CN1CCN(CC/C=C2/c3ccccc3Sc3ccc(S(=O)(=O)N(C)C)cc32)CC1,5.71,"Liu et al, 2020",2
hERGCentral86,CCCCOc1ccc(C(=O)CCN2CCCCC2)cc1,5.69,"Liu et al, 2020",2
hERGCentral88,CCCN1CCc2cc(O)cc3c2[C@H]1Cc1ccc(O)c(O)c1-3,5.66,"Liu et al, 2020",2
hERGCentral93,CNc1cc(NS(=O)(=O)c2ccc(N)cc2)nc(NC)n1,5.61,"Liu et al, 2020",2
hERGCentral94,CN1CCN(CCCN2c3ccccc3Sc3ccc(S(=O)(=O)N(C)C)cc32)CC1,5.61,"Liu et al, 2020",2
hERGCentral95,O=C(Nc1ccccc1)OCC(CN1CCCCC1)OC(=O)Nc1ccccc1,5.6,"Liu et al, 2020",2
hERGCentral97,CCCOc1ccccc1-c1nc2[nH][nH]nc-2c(=O)n1,5.6,"Liu et al, 2020",2
hERGCentral99,CCCOc1ccc(C(=O)OCCN(CC)CC)cc1N,5.6,"Liu et al, 2020",2
hERGCentral100,NC(N)=NC(=O)c1nc(Cl)c(N2CCCCCC2)nc1N,5.59,"Liu et al, 2020",2
hERGCentral102,C[C@]12CC[C@@H]3c4ccc(O)cc4C(=O)C[C@H]3[C@@H]1CC[C@@H]2O,5.59,"Liu et al, 2020",2
hERGCentral103,NC(=NCc1ccccc1)NC(=O)c1nc(Cl)c(N)nc1N,5.59,"Liu et al, 2020",2
hERGCentral104,COc1ccccc1N1CCN(CCCCN2C(=O)c3ccccc3C2=O)CC1,5.58,"Liu et al, 2020",2
hERGCentral105,C#C[C@]1(O)CC[C@H]2[C@@H]3CCC4=Cc5nc6nc7ccccc7n6cc5C[C@]4(C)[C@H]3CC[C@@]21C,5.56,"Liu et al, 2020",2
hERGCentral106,CCc1cc(Cl)c(OC)c(C(=O)NC[C@@H]2CCCN2CC)c1O,5.55,"Liu et al, 2020",2
hERGCentral107,Cc1ccc(/C(=C\CN2CCCC2)c2ccccn2)cc1,5.55,"Liu et al, 2020",2
hERGCentral109,CN(C)CCN(Cc1ccccc1)c1ccccn1,5.53,"Liu et al, 2020",2
hERGCentral110,O=C(CCN1CCC(c2ccccc2)C1)c1ccc2c(c1)OCCO2,5.53,"Liu et al, 2020",2
hERGCentral111,CN(C)CC/C=C1/c2ccccc2Sc2ccc(Cl)cc21,5.53,"Liu et al, 2020",2
hERGCentral113,CN1CCc2cc(Cl)c(O)cc2[C@@H](c2ccccc2)C1,5.51,"Liu et al, 2020",2
hERGCentral114,CCCN1CCc2cccc3c2[C@H]1Cc1ccc(O)c(O)c1-3,5.51,"Liu et al, 2020",2
hERGCentral115,C=C[C@H]1CN2CC[C@H]1C[C@@H]2[C@@H](O)c1ccnc2ccccc12,5.5,"Liu et al, 2020",2
hERGCentral116,CN1CCN(C(c2ccccc2)c2ccc(Cl)cc2)CC1,5.5,"Liu et al, 2020",2
hERGCentral118,Cc1cccc(C2CN(C)CCc3c2cc(O)c(O)c3Cl)c1,5.5,"Liu et al, 2020",2
hERGCentral119,O=C(COc1ccc(Cl)cc1)N1CCN(Cc2ccc3c(c2)OCO3)CC1,5.49,"Liu et al, 2020",2
hERGCentral120,COc1cccc2c1[C@@H]1CN(CCCCn3c(=O)[nH]c4c(sc5ncc(-c6ccccc6)nc54)c3=O)C[C@@H]1CO2,5.46,"Liu et al, 2020",2
hERGCentral121,CN1C[C@H](CNC(=O)OCc2ccccc2)C[C@@H]2c3cccc4c3c(cn4C)C[C@H]21,5.45,"Liu et al, 2020",2
hERGCentral123,CCC(=O)c1ccc2c(c1)N(CCCN(C)C)c1ccccc1S2,5.44,"Liu et al, 2020",2
hERGCentral125,O=C(O)/C=C\C(=O)C(CNc1nc2ccccc2s1)COc1cccc(CN2CCCCC2)c1,5.44,"Liu et al, 2020",2
hERGCentral126,COc1ccc(NC(=O)c2ccc(-c3ccc(-c4noc(C)n4)cc3C)cc2)cc1N1CCN(C)CC1,5.43,"Liu et al, 2020",2
hERGCentral127,CN(C)CCC[C@@]1(c2ccc(F)cc2)OCc2cc(C#N)ccc21,5.43,"Liu et al, 2020",2
hERGCentral129,CN1[C@H]2CC[C@@H]1CC(OC(=O)c1c[nH]c3ccccc13)C2,5.42,"Liu et al, 2020",2
hERGCentral131,COc1cc([C@@H]2c3cc4c(cc3[C@H](O)[C@H]3COC(=O)[C@H]23)OCO4)cc(OC)c1OC,5.41,"Liu et al, 2020",2
hERGCentral132,CN1CCc2cc(O)cc3c2[C@H]1Cc1ccc(O)c(O)c1-3,5.39,"Liu et al, 2020",2
hERGCentral133,CNCCC(Oc1ccccc1OC)c1ccccc1,5.39,"Liu et al, 2020",2
hERGCentral134,OCCN1CCN(CC/C=C2/c3ccccc3Sc3ccc(Cl)cc32)CC1,5.39,"Liu et al, 2020",2
hERGCentral135,O=C(O)c1ccc2ccccc2c1O.OCc1cc(C(O)CNCCCCCCOCCCCc2ccccc2)ccc1O,5.38,"Liu et al, 2020",2
hERGCentral136,c1ccc2c(c1)Sc1ccccc1N2CC1CN2CCC1CC2,5.38,"Liu et al, 2020",2
hERGCentral137,CN1CCN(CC/C=C2\c3ccccc3Sc3ccc(S(=O)(=O)N(C)C)cc32)CC1,5.36,"Liu et al, 2020",2
hERGCentral138,CN1CC(=O)N=C1N,5.36,"Liu et al, 2020",2
hERGCentral139,O=C(O)C1CCCN(CCC=C(c2ccccc2)c2ccccc2)C1,5.36,"Liu et al, 2020",2
hERGCentral140,CN(C)CC/C=C1\c2ccccc2Sc2ccc(Cl)cc21,5.35,"Liu et al, 2020",2
hERGCentral141,CS(=O)(=O)NC(=NC(=O)c1nc(Cl)c(N)nc1N)Nc1ccccc1,5.35,"Liu et al, 2020",2
hERGCentral142,COc1ccnc(CS(=O)c2nc3cc(OC(F)F)ccc3[nH]2)c1OC,5.35,"Liu et al, 2020",2
hERGCentral143,COc1cccc(OC)c1OCCNCC1CSc2ccccc2O1,5.34,"Liu et al, 2020",2
hERGCentral144,COc1cccc(C(=O)NCCN2CCN(c3ccc(Cl)cc3)CC2)c1,5.33,"Liu et al, 2020",2
hERGCentral145,OC(CCCN1CCCCC1)(c1ccccc1)c1ccccc1,5.33,"Liu et al, 2020",2
hERGCentral146,CCN(CC)CCCCCCCCOC(=O)c1cc(OC)c(OC)c(OC)c1,5.33,"Liu et al, 2020",2
hERGCentral147,CN(C)CCOC(c1ccc(Cl)cc1)c1ccccn1,5.33,"Liu et al, 2020",2
hERGCentral148,CCCCN(CCCC)CCCOC(=O)c1ccc(N)cc1,5.33,"Liu et al, 2020",2
hERGCentral149,O=C1OC(c2ccc(O)cc2)(c2ccc(O)cc2)c2ccccc21,5.32,"Liu et al, 2020",2
hERGCentral151,CC(N)Cc1c[nH]c2ccc(OCc3cccs3)cc12,5.31,"Liu et al, 2020",2
hERGCentral152,COc1ccc2cc1Oc1ccc(cc1)C[C@H]1c3c(cc4c(c3Oc3cc5c(cc3OC)CCN(C)[C@@H]5C2)OCO4)CCN1C,5.31,"Liu et al, 2020",2
hERGCentral153,CCN(CC)CCOC(=O)C(O)(c1ccccc1)c1ccccc1,5.31,"Liu et al, 2020",2
hERGCentral154,Cc1ccccc1C(OCCN(C)C)c1ccccc1,5.3,"Liu et al, 2020",2
hERGCentral155,CCN(CC)CCC(=O)N1c2ccccc2Sc2ccc(Cl)cc21,5.3,"Liu et al, 2020",2
hERGCentral156,Nc1c2c(nc3ccccc13)CCCC2,5.3,"Liu et al, 2020",2
hERGCentral157,CCCC(C(=O)OCCN(CC)CC)(c1ccccc1)c1ccccc1,5.3,"Liu et al, 2020",2
hERGCentral159,CNCC[C@@H](Oc1ccc(C(F)(F)F)cc1)c1ccccc1,5.29,"Liu et al, 2020",2
hERGCentral161,CCCN1CCC[C@@H](c2cccc(O)c2)C1,5.27,"Liu et al, 2020",2
hERGCentral162,C[C@]12CC[C@H]3[C@@H](CC[C@H]4C[C@@H](O)CC[C@@]43C)[C@@H]1CCC2=O,5.27,"Liu et al, 2020",2
hERGCentral163,CCCCCCCCN[C@H](C)[C@@H](O)c1ccc(SC(C)C)cc1,5.27,"Liu et al, 2020",2
hERGCentral164,CN1C2CCC1CC(OC(=O)c1c[nH]c3ccccc13)C2,5.26,"Liu et al, 2020",2
hERGCentral165,CCC(C)N(C)C(=O)c1cc2ccccc2c(-c2ccccc2Cl)n1,5.25,"Liu et al, 2020",2
hERGCentral166,CN1[C@H]2CC[C@@H]1CC(OC(=O)C1C=Nc3ccccc31)C2,5.25,"Liu et al, 2020",2
hERGCentral167,CN(C)CCCOc1nn(Cc2ccccc2)c2ccccc12,5.25,"Liu et al, 2020",2
hERGCentral168,CC(=O)O[C@]1(C(C)=O)CC[C@H]2[C@@H]3C=C(C)C4=CC(=O)CC[C@@H]4[C@H]3CC[C@@]21C,5.24,"Liu et al, 2020",2
hERGCentral169,CNCCCCOc1ccccc1Cc1ccccc1,5.24,"Liu et al, 2020",2
hERGCentral170,C=CCN1CCc2c(cc(O)c(O)c2Cl)C(c2ccccc2)C1,5.24,"Liu et al, 2020",2
hERGCentral171,COc1ccc2c(c1OC)C(=O)O[C@@H]2[C@H]1c2cc3c(cc2CCN1C)OCO3,5.24,"Liu et al, 2020",2
hERGCentral172,CN1CCCC(CC2c3ccccc3Sc3ccccc32)C1,5.23,"Liu et al, 2020",2
hERGCentral173,CS(=O)(=O)OC(CCN1CCCCC1)(c1ccccc1)c1ccccc1,5.22,"Liu et al, 2020",2
hERGCentral175,S=c1nc[nH]c2nc[nH]c12,5.22,"Liu et al, 2020",2
hERGCentral176,CN(C(=O)Cc1ccc(Cl)c(Cl)c1)[C@H]1CCCC[C@@H]1N1CCCC1,5.22,"Liu et al, 2020",2
hERGCentral177,CCN(CC)CCCCNc1ncc2cc(-c3cc(OC)cc(OC)c3)c(NC(=O)NC(C)(C)C)nc2n1,5.21,"Liu et al, 2020",2
hERGCentral178,COc1ccc2c(c1O)-c1c(OC)c(OC)cc3c1[C@H](C2)N(C)CC3,5.21,"Liu et al, 2020",2
hERGCentral180,CN(C(=O)Cc1ccc(Cl)c(Cl)c1)[C@H]1CCCC[C@H]1N1CCCC1,5.2,"Liu et al, 2020",2
hERGCentral181,CC[C@H]1CN2CCC1C[C@H]2[C@H](O)c1ccnc2ccc(OC)cc12,5.2,"Liu et al, 2020",2
hERGCentral182,COc1cc2nc(N3CCN(C(=O)[C@H]4COc5ccccc5O4)CC3)nc(N)c2cc1OC,5.2,"Liu et al, 2020",2
hERGCentral183,CN1CCN(C2=Nc3cc(F)ccc3Cc3ccccc32)CC1,5.19,"Liu et al, 2020",2
hERGCentral184,CN1CCN(C2Cc3ccccc3Sc3ccc(Cl)cc32)CC1,5.19,"Liu et al, 2020",2
hERGCentral185,OC[C@H]1OC(O)[C@H](O)[C@@H]1O,5.19,"Liu et al, 2020",2
hERGCentral186,CCCCCN=C(N)NN/C=C1\C=Nc2ccc(OC)cc21,5.18,"Liu et al, 2020",2
hERGCentral187,NC(=O)CNCCC(c1ccccc1)c1ccccc1,5.18,"Liu et al, 2020",2
hERGCentral188,CC(C)NC(C)Cc1ccc(I)cc1,5.17,"Liu et al, 2020",2
hERGCentral189,CC(CN(C)C)CN1c2ccccc2Sc2ccccc21,5.17,"Liu et al, 2020",2
hERGCentral191,CCn1c(=O)[nH]c2cc(Cl)c(Cl)cc21,5.17,"Liu et al, 2020",2
hERGCentral192,CC(CN(C)C)CN1c2ccccc2CCc2ccccc21,5.16,"Liu et al, 2020",2
hERGCentral194,CN(C(=O)Cc1ccc(Cl)c(Cl)c1)[C@H]1CC[C@@]2(CCCO2)C[C@@H]1N1CCCC1,5.14,"Liu et al, 2020",2
hERGCentral195,COc1cc2c3cc1Oc1cc(ccc1O)C[C@@H]1c4c(cc(OC)c(O)c4Oc4ccc(cc4)C[C@H]3N(C)CC2)CCN1C,5.13,"Liu et al, 2020",2
hERGCentral196,CN1C(=O)CN=C(c2ccc(Cl)cc2)c2cc(Cl)ccc21,5.13,"Liu et al, 2020",2
hERGCentral197,CC(C)N1CCN(c2ccc(OC[C@H]3CO[C@](Cn4cncn4)(c4ccc(Cl)cc4Cl)O3)cc2)CC1,5.13,"Liu et al, 2020",2
hERGCentral198,Oc1ccc2c3c1O[C@H]1[C@@H](O)CC[C@@]4(O)[C@@H](C2)N(CC2CCC2)CC[C@]314,5.13,"Liu et al, 2020",2
hERGCentral199,CN(C)CCC[C@]1(c2ccc(F)cc2)OCc2cc(C#N)ccc21,5.13,"Liu et al, 2020",2
hERGCentral200,CCCN(CCC)C1Cc2cc(OC)c(OC)cc2C1,5.12,"Liu et al, 2020",2
hERGCentral202,Cn1cc(C(=O)OCC2CCN(CCNS(C)(=O)=O)CC2)c2ccccc21,5.11,"Liu et al, 2020",2
hERGCentral203,CCN(c1nc(N)c(C(=O)N=C(N)N)nc1Cl)C(C)C,5.11,"Liu et al, 2020",2
hERGCentral204,COc1ccc2cc1Oc1ccc(cc1)C[C@H]1c3cc(c(OC)cc3CCN1C)Oc1c(OC)c(OC)cc3c1[C@H](C2)N(C)CC3,5.11,"Liu et al, 2020",2
hERGCentral205,OCCN1CCN(CC/C=C2/c3ccccc3Sc3ccc(C(F)(F)F)cc32)CC1,5.1,"Liu et al, 2020",2
hERGCentral206,CCCN(CCC)[C@@H]1CCc2cccc(O)c2C1,5.1,"Liu et al, 2020",2
hERGCentral207,Cc1nccn1C[C@@H]1CCc2c(c3ccccc3n2C)C1=O,5.1,"Liu et al, 2020",2
hERGCentral208,CC(CN1c2ccccc2Sc2ccccc21)N(C)C,5.1,"Liu et al, 2020",2
hERGCentral210,CN1CCc2cccc3c2C1Cc1ccc(O)c(O)c1-3,5.09,"Liu et al, 2020",2
hERGCentral211,O=C1CCC(c2ccccc2)(C2CCN(Cc3ccccc3)CC2)C(=O)N1,5.09,"Liu et al, 2020",2
hERGCentral212,CN(C)c1ccc(O)c2c1CC1CC3C(N(C)C)C(=O)/C(=C(/N)O)C(=O)[C@@]3(O)C(=O)C1=C2O,5.09,"Liu et al, 2020",2
hERGCentral215,CC(C)C[C@H](NC(=O)[C@@H]1O[C@H]1C(=O)O)C(=O)NCCCCN=C(N)N,5.08,"Liu et al, 2020",2
hERGCentral216,CC(=O)N1CCN(c2ccc(OC[C@H]3CO[C@](Cn4ccnc4)(c4ccc(Cl)cc4Cl)O3)cc2)CC1,5.08,"Liu et al, 2020",2
hERGCentral217,C=CCN1CCc2c(cc(O)c(O)c2Br)[C@@H](c2ccccc2)C1,5.08,"Liu et al, 2020",2
hERGCentral218,CNCC[C@H](Oc1cccc2ccccc12)c1cccs1,5.08,"Liu et al, 2020",2
hERGCentral219,COC(=O)N1CCN(C(=O)Cc2ccc(Cl)c(Cl)c2)C(CN2CCCC2)C1,5.07,"Liu et al, 2020",2
hERGCentral220,CC(Cc1cccc(C(F)(F)F)c1)NCCOC(=O)c1ccccc1,5.07,"Liu et al, 2020",2
hERGCentral222,O=C(OCCN1CCCCC1)c1c[nH]c2ccccc12,5.06,"Liu et al, 2020",2
hERGCentral223,CN1CCN(c2nc3cc(C(F)(F)F)ccc3n3cccc23)CC1,5.06,"Liu et al, 2020",2
hERGCentral224,O=C(O)c1cc(=O)c2c(Cl)cc(Cl)cc2[nH]1,5.05,"Liu et al, 2020",2
hERGCentral225,C#C[C@]1(O)CCC2C3CCC4=CC(=O)CC[C@@H]4C3CC[C@@]21C,5.05,"Liu et al, 2020",2
hERGCentral226,C[C@@H]1CN(C2CCC(C#N)(c3ccc(F)cc3)CC2)CC[C@]1(C(=O)O)c1ccccc1,5.05,"Liu et al, 2020",2
hERGCentral227,CC(C)(C)NCC(O)COc1ccccc1C1CCCC1,5.05,"Liu et al, 2020",2
hERGCentral228,CC(=O)NC(N)=NN=Cc1c(Cl)cccc1Cl,5.05,"Liu et al, 2020",2
hERGCentral229,Cc1ccc(S(=O)(=O)N[C@@H](Cc2ccccc2)C(=O)CCl)cc1,5.04,"Liu et al, 2020",2
hERGCentral230,CN(C)CCOC(c1ccccc1)c1ccccc1.Cn1c(=O)c2[nH]c(Cl)nc2n(C(=O)O)c1=O,5.04,"Liu et al, 2020",2
hERGCentral231,Cc1sc2ccccc2c1CC1=NCCN1,5.04,"Liu et al, 2020",2
hERGCentral232,Clc1ccc(C(Cn2ccnc2)OCc2c(Cl)cccc2Cl)c(Cl)c1,5.03,"Liu et al, 2020",2
hERGCentral233,CCCN1C[C@H](CSC)C[C@@H]2c3cccc4[nH]cc(c34)C[C@H]21,5.03,"Liu et al, 2020",2
hERGCentral235,CC(=O)N1C[C@H](O)C[C@H]1C(=O)O,5.03,"Liu et al, 2020",2
hERGCentral236,Oc1ccc(CCNc2ncnc3ccc(Cl)cc23)cc1,5.03,"Liu et al, 2020",2
hERGCentral237,Oc1cc2c(cc1O)CN(C(=S)NCCc1ccc(Cl)cc1)CCC2,5.03,"Liu et al, 2020",2
hERGCentral238,C=CCc1ccccc1OCC(O)CNC(C)C,5.01,"Liu et al, 2020",2
hERGCentral239,COC1=CC=C2Nc3cc(Cl)ccc3C(N=C3C=C(CN4CCCC4)C(=O)C(CN4CCCC4)=C3)=C2N1,5.01,"Liu et al, 2020",2
hERGCentral240,COc1ccccc1N1CCN(CCN(C(=O)C2CCCCC2)c2ccccn2)CC1,5.01,"Liu et al, 2020",2
hERGCentral241,CN1[C@H]2CC[C@@H]1CC(OC1c3ccccc3CCc3ccccc31)C2,5.01,"Liu et al, 2020",2
hERGCentral242,CC(CCc1ccccc1)NCC(O)c1ccc(O)c(C(N)=O)c1,5,"Liu et al, 2020",2
hERGCentral244,c1ccc(CN(CC2=NCCN2)c2ccccc2)cc1,5,"Liu et al, 2020",2
hERGCentral245,C=C[C@H]1CN2CC[C@H]1C[C@H]2[C@H](O)c1ccnc2ccccc12,5,"Liu et al, 2020",2
hERGCentral246,CCCCOc1ccc(OCCCN2CCOCC2)cc1,5,"Liu et al, 2020",2
hERGCentral248,CCS(=O)(=O)Nc1cccc(C(=C2CCCCC2)c2cnc[nH]2)c1,5,"Liu et al, 2020",2
hERGCentral249,CN(C)CC[C@@H](c1ccc(Br)cc1)c1ccccn1,4.98,"Liu et al, 2020",2
hERGCentral251,COc1cc(C(=O)NCCCCCC(=O)O)cc(OC)c1OC,4.98,"Liu et al, 2020",2
hERGCentral252,CN1CCc2ccccc2Cc2[nH]c3ccccc3c2CC1,4.97,"Liu et al, 2020",2
hERGCentral253,CNCC[C@H](Oc1ccc(C(F)(F)F)cc1)c1ccccc1,4.97,"Liu et al, 2020",2
hERGCentral254,CCc1ccccc1OC[C@@H](O)CN[C@H]1CCCc2ccccc21,4.97,"Liu et al, 2020",2
hERGCentral255,OC(CCN1CCCCC1)(c1ccccc1)C1C[C@@H]2C=C[C@H]1C2,4.97,"Liu et al, 2020",2
hERGCentral256,Cc1cc(-c2ccccc2)nnc1NCCN1CCOCC1,4.97,"Liu et al, 2020",2
hERGCentral257,C[C@H](CCC(=O)NCC(=O)O)[C@H]1CC[C@H]2[C@H]3[C@H](C[C@H](O)[C@@]21C)[C@@]1(C)CC[C@@H](O)C[C@H]1C[C@H]3O,4.96,"Liu et al, 2020",2
hERGCentral258,CC(O)(CS(=O)(=O)c1ccc(F)cc1)C(=O)Nc1ccc(C#N)c(C(F)(F)F)c1,4.96,"Liu et al, 2020",2
hERGCentral259,CCC1(c2ccccc2)NC(=O)N(C)C1=O,4.96,"Liu et al, 2020",2
hERGCentral260,OC(CCN1CCCCC1)(c1ccccc1)C1CCCCC1,4.95,"Liu et al, 2020",2
hERGCentral261,C=C1/C(=C\C=C2/CCC[C@@]3(C)[C@H]2CC[C@@H]3[C@H](C)/C=C/[C@@H](O)C2CC2)C[C@@H](O)C[C@@H]1O,4.95,"Liu et al, 2020",2
hERGCentral263,O=c1cc[nH]c(=O)[nH]1,4.94,"Liu et al, 2020",2
hERGCentral264,CN=c1nc(-c2ccccc2)n(-c2ccccc2)s1,4.94,"Liu et al, 2020",2
hERGCentral265,CN1CCc2cccc3c2[C@H]1Cc1ccc(O)c(O)c1-3,4.94,"Liu et al, 2020",2
hERGCentral266,CN(C)CC/C=C1\c2ccccc2COc2ccccc21,4.94,"Liu et al, 2020",2
hERGCentral267,O=S1(=O)N(CCN2CC=C(c3c[nH]c4cc(F)ccc34)CC2)c2cccc3c2N1CCC3,4.94,"Liu et al, 2020",2
hERGCentral268,CCOC(=O)c1cncn1[C@@H](C)c1ccccc1,4.94,"Liu et al, 2020",2
hERGCentral270,CCN(CC)CCOCCOC(=O)C1(c2ccccc2)CCCC1,4.92,"Liu et al, 2020",2
hERGCentral271,COc1cccc(OC)c1OCCNCC1COc2ccccc2O1,4.92,"Liu et al, 2020",2
hERGCentral272,C=C[C@H]1CN2CCC1C[C@H]2[C@H](O)c1ccnc2ccc(OC)cc12,4.91,"Liu et al, 2020",2
hERGCentral274,CCCN(CCC)C(=O)C(CCC(=O)O)NC(=O)c1ccccc1,4.9,"Liu et al, 2020",2
hERGCentral275,O=C(O)/C=C\C(=O)C(C1CCCCN1)C(C1CCCCC1)C1CCCCC1,4.9,"Liu et al, 2020",2
hERGCentral276,CCCc1nc2c(C)cc(-c3nc4ccccc4n3C)cc2n1Cc1ccc(-c2ccccc2C(=O)O)cc1,4.9,"Liu et al, 2020",2
hERGCentral277,CCc1oc2ccccc2c1C(=O)c1cc(Br)c(O)c(Br)c1,4.89,"Liu et al, 2020",2
hERGCentral278,CC(CCCCC(=O)Nc1ccc(C(F)(F)F)cc1)NCCc1cnc[nH]1,4.89,"Liu et al, 2020",2
hERGCentral279,FC(F)(F)c1cc(CO[C@@H]2CCCN[C@@H]2c2ccccc2)cc(C(F)(F)F)c1,4.89,"Liu et al, 2020",2
hERGCentral281,NCCCCCCNS(=O)(=O)c1cccc2c(Cl)cccc12,4.87,"Liu et al, 2020",2
hERGCentral282,Clc1ccc(COC(Cn2ccnc2)c2ccc(Cl)cc2Cl)cc1,4.87,"Liu et al, 2020",2
hERGCentral283,CN(C)CCC=C1c2ccccc2C=Cc2ccccc21,4.87,"Liu et al, 2020",2
hERGCentral284,Cc1onc(-c2ccccc2)c1-c1ccc(S(N)(=O)=O)cc1,4.86,"Liu et al, 2020",2
hERGCentral285,CCCCCCC(C)(C)c1ccc([C@@H]2C[C@H](O)CC[C@H]2CCCO)c(O)c1,4.86,"Liu et al, 2020",2
hERGCentral286,CC1=C(C)C(=O)C(CCCCC#CCCCC#CCO)=C(C)C1=O,4.85,"Liu et al, 2020",2
hERGCentral287,OC(CN1CCN(c2cccc(Cl)c2)CC1)C(c1ccccc1)c1ccccc1,4.85,"Liu et al, 2020",2
hERGCentral289,CN1CCc2cc(O)c(O)cc2C(c2ccccc2)C1,4.85,"Liu et al, 2020",2
hERGCentral290,O=C(O)CCC(=O)c1ccc(-c2ccccc2)cc1,4.84,"Liu et al, 2020",2
hERGCentral291,COc1ccc(-c2cc(=O)c3c(OC)c(OC)c(OC)c(OC)c3o2)cc1OC,4.84,"Liu et al, 2020",2
hERGCentral292,COC(=O)C1=CO[C@@H](C)[C@H]2CN3CCc4c([nH]c5ccccc45)[C@@H]3C[C@H]12,4.84,"Liu et al, 2020",2
hERGCentral293,O=C(CCN1CCN(CCO)CC1)N1c2ccccc2Sc2ccc(C(F)(F)F)cc21,4.84,"Liu et al, 2020",2
hERGCentral295,Clc1ccc(N2CCN(Cc3c[nH]c4ncccc34)CC2)cc1,4.83,"Liu et al, 2020",2
hERGCentral296,CCCN1CCCC[C@H]1C(=O)Nc1c(C)cccc1C,4.83,"Liu et al, 2020",2
hERGCentral297,O=C(Nc1ccccc1)Nc1n[nH]c2nnc(-c3ccccc3)c(-c3ccccc3)c12,4.82,"Liu et al, 2020",2
hERGCentral298,c1cc2c(cc1[C@H]1OC[C@@H]3[C@@H](c4ccc5c(c4)OCO5)OC[C@H]13)OCO2,4.82,"Liu et al, 2020",2
hERGCentral299,Nc1c(Br)cc(Br)cc1CNC1CCC(O)CC1,4.82,"Liu et al, 2020",2
hERGCentral300,CN(C)CC/C=C1\c2ccccc2CSc2ccccc21,4.82,"Liu et al, 2020",2
hERGCentral301,Cc1ccc(-c2nc3ccc(C)cn3c2CC(=O)N(C)C)cc1,4.82,"Liu et al, 2020",2
hERGCentral303,CCN1CCN(C(=O)N[C@@H](C(=O)N[C@@H]2C(=O)N3[C@@H](C(=O)O)C(C)(C)S[C@H]23)c2ccccc2)C(=O)C1=O,4.82,"Liu et al, 2020",2
hERGCentral304,CN(C)CCCN1c2ccccc2Sc2ccccc21,4.82,"Liu et al, 2020",2
hERGCentral305,C[C@]12CC[C@H]3[C@@H](CCC4=C(O)C(=O)CC[C@@]43C)[C@@H]1CCC2=O,4.81,"Liu et al, 2020",2
hERGCentral306,CN1CCCC(CN2c3ccccc3Sc3ccccc32)C1,4.81,"Liu et al, 2020",2
hERGCentral307,COc1cc2nc(N3CCN(C(=O)OCc4ccccc4)[C@H](C(=O)NC(C)(C)C)C3)nc(N)c2cc1OC,4.81,"Liu et al, 2020",2
hERGCentral308,C[C@H](CCC(=O)O)[C@H]1CC[C@H]2[C@@H]3[C@@H](O)C[C@@H]4C[C@H](O)CC[C@]4(C)[C@H]3CC[C@@]21C,4.81,"Liu et al, 2020",2
hERGCentral309,CNC(=O)[C@H]1O[C@@H](n2cnc3c(NCc4cccc(I)c4)ncnc32)[C@H](O)[C@@H]1O,4.81,"Liu et al, 2020",2
hERGCentral310,CCN(CC)C(=O)N[C@H]1C[C@@H]2c3cccc4[nH]cc(c34)C[C@H]2N(C)C1,4.81,"Liu et al, 2020",2
hERGCentral311,CN(C)CCCSc1ccccc1NC(=O)/C=C/c1ccccc1,4.8,"Liu et al, 2020",2
hERGCentral312,CC[C@H]1CN2CCc3cc(OC)c(OC)cc3[C@@H]2C[C@@H]1C[C@H]1NCCc2cc(OC)c(OC)cc21,4.8,"Liu et al, 2020",2
hERGCentral313,CCCCNc1ccc(C(=O)OCCN(C)C)cc1,4.8,"Liu et al, 2020",2
hERGCentral314,COc1cc2nc(N(C)CCCNC(=O)C3CCCO3)nc(N)c2cc1OC,4.8,"Liu et al, 2020",2
hERGCentral315,C=CCN1CCc2cc(O)c(O)cc2C(c2ccccc2)C1,4.8,"Liu et al, 2020",2
hERGCentral316,C#CCN(C)CCCOc1ccc(Cl)cc1Cl,4.8,"Liu et al, 2020",2
hERGCentral318,COc1ccc2c(c1)=C1CCNC(C)=C1N=2,4.79,"Liu et al, 2020",2
hERGCentral319,C#C[C@]1(O)CC[C@H]2[C@@H]3CCC4=Cc5oncc5C[C@]4(C)[C@H]3CC[C@@]21C,4.79,"Liu et al, 2020",2
hERGCentral320,COC1=CC(=O)O[C@@H](/C=C/c2ccccc2)C1,4.79,"Liu et al, 2020",2
hERGCentral321,C=C1C[C@H]2[C@@H]3C=C(C)C4=CC(=O)CC[C@]4(C)[C@H]3CC[C@]2(C)[C@@]1(OC(C)=O)C(C)=O,4.78,"Liu et al, 2020",2
hERGCentral322,O=C1CN=C(c2ccccc2F)c2cc(Cl)ccc2N1,4.78,"Liu et al, 2020",2
hERGCentral323,CCCOc1cc(N)ccc1C(=O)OCCN(CC)CC,4.78,"Liu et al, 2020",2
hERGCentral324,c1ccc(-n2nnc3ccccc32)cc1,4.78,"Liu et al, 2020",2
hERGCentral325,CCCc1nn(C)c2c(=O)nc(-c3cc(S(=O)(=O)N4CCN(C)CC4)ccc3OCC)[nH]c12,4.77,"Liu et al, 2020",2
hERGCentral326,CC(=O)[C@H]1CC[C@H]2[C@@H]3CCC4=CC(=O)CC[C@]4(C)[C@H]3CC[C@]12C,4.77,"Liu et al, 2020",2
hERGCentral327,C#C[C@]1(OC(C)=O)CCC2C3CCC4=CC(=O)CC[C@@H]4C3CC[C@@]21C,4.76,"Liu et al, 2020",2
hERGCentral328,CN1CCN(C(c2ccccc2)c2ccccc2)CC1,4.75,"Liu et al, 2020",2
hERGCentral329,CC(=O)OCC(=O)[C@H]1CC[C@H]2[C@@H]3CCC4=CC(=O)CC[C@]4(C)[C@H]3CC[C@]12C,4.75,"Liu et al, 2020",2
hERGCentral330,CCCN1CCC[C@@H]2Cc3nc(N)ncc3C[C@H]21,4.75,"Liu et al, 2020",2
hERGCentral331,OC1CCCCC1N1CCC(c2ccccc2)CC1,4.75,"Liu et al, 2020",2
hERGCentral332,CCOC(=O)C1(c2ccccc2)CCN(CCC(C#N)(c2ccccc2)c2ccccc2)CC1,4.73,"Liu et al, 2020",2
hERGCentral333,CCNc1nc(NC(C)(C)C)nc(SC)n1,4.73,"Liu et al, 2020",2
hERGCentral334,O=C1[C@H](CC[C@H](O)c2ccc(F)cc2)[C@@H](c2ccc(O)cc2)N1c1ccc(F)cc1,4.72,"Liu et al, 2020",2
hERGCentral335,CCCCCCCCCC(=O)N[C@H](CN1CCOCC1)[C@H](O)c1ccccc1,4.71,"Liu et al, 2020",2
hERGCentral336,O=C1CC(c2ccc(O)cc2)Oc2cc(O)cc(O)c21,4.71,"Liu et al, 2020",2
hERGCentral338,CN(C/C=C/c1ccccc1)Cc1cccc2ccccc12,4.71,"Liu et al, 2020",2
hERGCentral340,CN[C@@H]1C[C@@H](c2ccc(Cl)c(Cl)c2)c2ccccc21,4.7,"Liu et al, 2020",2
hERGCentral341,COCCc1ccc(OCC(O)CNC(C)C)cc1,4.7,"Liu et al, 2020",2
hERGCentral342,NC(N)=NN=Cc1c(Cl)cccc1Cl,4.7,"Liu et al, 2020",2
hERGCentral344,C[C@]12CC[C@H]3[C@@H](CCC4=CC(=O)CC[C@@]43C)[C@@H]1CCC2=O,4.7,"Liu et al, 2020",2
hERGCentral345,C=C1CC[C@@]2(O)[C@H]3Cc4ccc(O)c5c4[C@@]2(CCN3CC2CC2)[C@H]1O5,4.7,"Liu et al, 2020",2
hERGCentral346,O=C(O)CCCCCCC1C(=O)NC(=O)N1CCC(O)C1CCCCC1,4.69,"Liu et al, 2020",2
hERGCentral347,CC[C@@H](C(=O)[C@@H](C)[C@@H](O)[C@H](C)CCc1ccc(C)c(O)c1C(=O)O)[C@H]1O[C@](CC)([C@H]2CC[C@](O)(CC)[C@H](C)O2)C[C@@H]1C,4.69,"Liu et al, 2020",2
hERGCentral348,CC1=c2[nH]c3c(c2CCN1)C=CC(=O)C=3,4.69,"Liu et al, 2020",2
hERGCentral349,CN1CCC(=C2c3ccccc3CCc3sccc32)CC1,4.69,"Liu et al, 2020",2
hERGCentral350,Cc1cccc(C)c1NC(=O)C(C)N,4.69,"Liu et al, 2020",2
hERGCentral352,CC(=O)Oc1cc(C(C)C)c(OCCN(C)C)cc1C,4.68,"Liu et al, 2020",2
hERGCentral353,COc1ccccc1N1CCN(CCN2C(=O)CC3(CCCC3)CC2=O)CC1,4.68,"Liu et al, 2020",2
hERGCentral354,NC(CO)(CO)COC(=O)C1CCn2c(C(=O)c3ccccc3)ccc21,4.68,"Liu et al, 2020",2
hERGCentral355,COC(=O)[C@H]1[C@H]2C[C@@H]3c4[nH]c5cc(OC)ccc5c4CCN3C[C@H]2C[C@@H](OC(=O)/C=C/c2cc(OC)c(OC)c(OC)c2)[C@@H]1OC,4.68,"Liu et al, 2020",2
hERGCentral356,COc1cc(C[C@@H](CO)[C@H](CO)Cc2ccc(O)c(OC)c2)ccc1O,4.67,"Liu et al, 2020",2
hERGCentral357,Nc1nc2ccc(OC(F)(F)F)cc2s1,4.67,"Liu et al, 2020",2
hERGCentral358,CC(C)c1c(CN(C)C(C)Cc2ccccc2)n(C)n(-c2ccccc2)c1=O,4.67,"Liu et al, 2020",2
hERGCentral359,CC(=O)[C@H]1CC[C@H]2[C@@H]3C=CC4=CC(=O)CC[C@@]4(C)[C@@H]3CC[C@]12C,4.66,"Liu et al, 2020",2
hERGCentral360,C=CCN1CC[C@]23c4c5ccc(O)c4OC2C(=O)CC[C@@]3(O)C1C5,4.65,"Liu et al, 2020",2
hERGCentral361,COc1ccc(C(=O)OC2C[C@H]3CC[C@H](C2)N3C)cc1OC,4.65,"Liu et al, 2020",2
hERGCentral362,Nc1ccc(S(=O)(=O)Nc2ccnn2-c2ccccc2)cc1,4.64,"Liu et al, 2020",2
hERGCentral363,CNCCC=C1c2ccccc2CCc2ccccc21,4.64,"Liu et al, 2020",2
hERGCentral364,C=C[C@H]1CN2CC[C@H]1C[C@H]2[C@H](O)c1ccnc2ccc(OC)cc12,4.64,"Liu et al, 2020",2
hERGCentral365,CC[C@H]1OC(=O)[C@H](C)[C@@H](O[C@H]2C[C@@](C)(OC)[C@@H](O)[C@H](C)O2)[C@H](C)[C@@H](O[C@@H]2O[C@H](C)C[C@H](N(C)C)[C@H]2O)[C@](C)(O)C[C@@H](C)CN(C)[C@H](C)[C@@H](O)[C@]1(C)O,4.64,"Liu et al, 2020",2
hERGCentral366,CNCC(O)c1ccc(OC(=O)C(C)(C)C)c(OC(=O)C(C)(C)C)c1,4.63,"Liu et al, 2020",2
hERGCentral367,CCOC(=O)Nc1ccc2c(c1)N(C(=O)CCN1CCOCC1)c1ccccc1S2,4.63,"Liu et al, 2020",2
hERGCentral368,Cc1cc(C(C)(C)C)c(O)c(C)c1CC1=NCCN1,4.63,"Liu et al, 2020",2
hERGCentral369,CCSc1ccc2c(c1)N(CCCN1CCN(C)CC1)c1ccccc1S2,4.63,"Liu et al, 2020",2
hERGCentral370,c1ccc2c3c([nH]c2c1)CNCC3,4.62,"Liu et al, 2020",2
hERGCentral371,CC1(C)Oc2ccc(C#N)cc2[C@@H](N2CCCC2=O)[C@@H]1O,4.62,"Liu et al, 2020",2
hERGCentral372,CN(C)c1nc(N)c(C(=O)N=C(N)N)nc1Cl,4.62,"Liu et al, 2020",2
hERGCentral373,CCCCCCCC(=O)OCC(O)CO,4.62,"Liu et al, 2020",2
hERGCentral374,CC(C)(Sc1ccc(CCN(CCCCC2CCCCC2)C(=O)NC2CCCCC2)cc1)C(=O)O,4.62,"Liu et al, 2020",2
hERGCentral375,CC(=O)CCCCn1c(=O)c2c(ncn2C)n(C)c1=O,4.62,"Liu et al, 2020",2
hERGCentral376,CC(=O)N[C@@H](Cc1c[nH]c2ccccc12)C(=O)OCc1cc(C(F)(F)F)cc(C(F)(F)F)c1,4.62,"Liu et al, 2020",2
hERGCentral377,O=C(/C=C/c1ccc(O)c(O)c1)OCCc1ccccc1,4.6,"Liu et al, 2020",2
hERGCentral378,COc1cc(CNC(=O)CCCCCCC(C)C)ccc1O,4.6,"Liu et al, 2020",2
hERGCentral379,COc1ccc2c(c1OC)C(=O)OC2C1c2c(cc3c(c2OC)OCO3)CCN1C,4.6,"Liu et al, 2020",2
hERGCentral380,N#C/C(=C\c1ccc(O)c(O)c1)C(=O)NCCCc1ccccc1,4.6,"Liu et al, 2020",2
hERGCentral381,CC(=O)[C@@]1(O)CC[C@H]2[C@@H]3C[C@H](C)C4=CC(=O)CC[C@]4(C)[C@H]3CC[C@@]21C,4.6,"Liu et al, 2020",2
hERGCentral383,O=C(c1ccc(OCCN2CCCCC2)cc1)c1c(-c2ccc(O)cc2)sc2cc(O)ccc12,4.59,"Liu et al, 2020",2
hERGCentral384,COc1ccc2c(c1)[C@]13CCCC[C@@H]1[C@H](C2)N(C)CC3,4.59,"Liu et al, 2020",2
hERGCentral386,c1ccc2nc(N3CCNCC3)ccc2c1,4.58,"Liu et al, 2020",2
hERGCentral388,CN[C@H]1CCc2cc(OC)c(OC)c(OC)c2-c2ccc(OC)c(=O)cc21,4.56,"Liu et al, 2020",2
hERGCentral389,CCN(CC)CCNC(=O)c1cc(Br)c(N)cc1OC,4.55,"Liu et al, 2020",2
hERGCentral390,CN1CCN(C2=Nc3ccccc3Oc3ccc(Cl)cc32)CC1,4.55,"Liu et al, 2020",2
hERGCentral391,CC1CNCCN1S(=O)(=O)c1cccc2cnccc12,4.54,"Liu et al, 2020",2
hERGCentral392,COc1cc2nc(N3CCN(C(=O)C4CCCO4)CC3)nc(N)c2cc1OC,4.54,"Liu et al, 2020",2
hERGCentral393,CC1(C)O[C@@H]2CC3C4C[C@H](F)C5=CC(=O)C=CC5(C)C4C(O)CC3(C)[C@]2(C(=O)CO)O1,4.53,"Liu et al, 2020",2
hERGCentral394,ClC(Cl)=C(c1ccc(Cl)cc1)c1ccc(Cl)cc1,4.52,"Liu et al, 2020",2
hERGCentral395,CCC[C@@H]1C[C@@H](C(=O)N[C@@H](C2O[C@H](SC)[C@H](O)[C@@H](O)[C@H]2O)[C@H](C)Cl)N(C)C1,4.51,"Liu et al, 2020",2
hERGCentral396,CCCCOC(=O)c1ccc(N)cc1,4.51,"Liu et al, 2020",2
hERGCentral397,CN1[C@H]2CC(OC(=O)[C@H](CO)c3ccccc3)C[C@@H]1[C@H]1O[C@@H]21,4.5,"Liu et al, 2020",2
hERGCentral398,O=C(O)COCCN1CCN([C@H](c2ccccc2)c2ccc(Cl)cc2)CC1,4.49,"Liu et al, 2020",2
hERGCentral399,CS(=O)(=O)C(c1ccc2c(c1)OCO2)N1CCN(c2ncccn2)CC1,4.49,"Liu et al, 2020",2
hERGCentral401,CNCCC=C1c2ccccc2C=Cc2ccccc21,4.42,"Liu et al, 2020",2
hERGCentral402,CC1=CC(=O)c2ccccc2C1=O,4.42,"Liu et al, 2020",2
hERGCentral403,CC(=O)CC(c1ccc([N+](=O)[O-])cc1)c1c(O)oc2ccccc2c1=O,4.39,"Liu et al, 2020",2
hERGCentral404,Nc1ccc2[nH]ncc2c1,4.37,"Liu et al, 2020",2
hERGCentral405,CN1CCCN=C1COC(=O)C(O)(c1ccccc1)C1CCCCC1,4.36,"Liu et al, 2020",2
hERGCentral406,C[C@H](O)[C@H]1CC[C@H]2[C@@H]3CCC4=CC(=O)CC[C@]4(C)[C@H]3CC[C@]12C,4.3,"Liu et al, 2020",2
hERGCentral407,CN1[C@H]2CC[C@@H]1CC(OC(=O)C(O)c1ccccc1)C2,4.29,"Liu et al, 2020",2
2-Phenyl-3-piperidin-3-yl-1H-indole,C1CC(CNC1)C2=C(NC3=CC=CC=C32)C4=CC=CC=C4,5.30999984,"Wang et al, 2020; Yang et al, 2016; Zhu et al, 2012",TTD
2-[4-(2-Piperidin-1-ylethyl)phenoxy]benzothiazole,C1CCN(CC1)CCC2=CC=C(C=C2)OC3=NC4=CC=CC=C4S3,5.698970004,"Wang et al, 2020; Yang et al, 2016; Zhu et al, 2012",TTD
 3-(1H-indol-3-yl)-N-methyl-3-phenylpropan-1-amine,CNCCC(C1=CC=CC=C1)C2=CNC3=CC=CC=C32,6,"Wang et al, 2020; Yang et al, 2016; Zhu et al, 2012",TTD
3-(benzo[b]thiophen-5-yl)-3-benzylpyrrolidine,C1CNCC1(CC2=CC=CC=C2)C3=CC4=C(C=C3)SC=C4,4.958607315,"Wang et al, 2020; Yang et al, 2016; Zhu et al, 2012",TTD
"4-(2-thienyl)benzene-1,2-diamine",C1=CSC(=C1)C2=CC(=C(C=C2)N)N,5.795880017,"Wang et al, 2020; Yang et al, 2016; Zhu et al, 2012",TTD
"4-(3-thienyl)benzene-1,2-diamine)",C1=CC(=C(C=C1C2=CSC=C2)N)N,5.823908741,"Wang et al, 2020; Yang et al, 2016; Zhu et al, 2012",TTD
"4-(p-Tolyl)spiro[chromene-2,4'-piperidine]",CC1=CC=C(C=C1)C2=CC3(CCNCC3)OC4=CC=CC=C42,6.335358024,"Wang et al, 2020; Yang et al, 2016; Zhu et al, 2012",TTD
"4-(Spiro[chromene-2,4'-piperidine]-4-yl)benzamide",C1CNCCC12C=C(C3=CC=CC=C3O2)C4=CC=C(C=C4)C(=O)N,4.935954037,"Wang et al, 2020; Yang et al, 2016; Zhu et al, 2012",TTD
"4-(Spiro[chromene-2,4'-piperidine]-4-yl)phenol",C1CNCCC12C=C(C3=CC=CC=C3O2)C4=CC=C(C=C4)O,6.191789027,"Wang et al, 2020; Yang et al, 2016; Zhu et al, 2012",TTD
"4-Phenylspiro[chromene-2,4'-piperidine]",C1CNCCC12C=C(C3=CC=CC=C3O2)C4=CC=CC=C4,6.167491087,"Wang et al, 2020; Yang et al, 2016; Zhu et al, 2012",TTD
 5-(3-(4-fluorobenzyl)pyrrolidin-3-yl)-1H-indole,C1CNCC1(CC2=CC=C(C=C2)F)C3=CC4=C(C=C3)NC=C4,5.045757491,"Wang et al, 2020; Yang et al, 2016; Zhu et al, 2012",TTD
5-(3-benzylpyrrolidin-3-yl)-1-methyl-1H-indole,CN1C=CC2=C1C=CC(=C2)C3(CCNC3)CC4=CC=CC=C4,5.15490196,"Wang et al, 2020; Yang et al, 2016; Zhu et al, 2012",TTD
5-(3-benzylpyrrolidin-3-yl)-1h-indole (structural mix),C1CNCC1(CC2=CC=CC=C2)C3=CC4=C(C=C3)NC=C4,5.045757491,"Wang et al, 2020; Yang et al, 2016; Zhu et al, 2012",TTD
 5-(3-butylpyrrolidin-3-yl)-1H-indole,CCCCC1(CCNC1)C2=CC3=C(C=C2)NC=C3,5.356547324,"Wang et al, 2020; Yang et al, 2016; Zhu et al, 2012",TTD
5-Chloro-3-ethyl-1-(4-fluoro-phenyl)-1H-indole,CCC1=CN(C2=C1C=C(C=C2)Cl)C3=CC=C(C=C3)F,5.455931956,"Wang et al, 2020; Yang et al, 2016; Zhu et al, 2012",TTD
" 6-(4-CHLOROPHENYL)-7-(2,4-DICHLOROPHENYL)-N-(HYDROXYMETHYL)-1,2,2-TRIMETHYL-1,2,3,4-TETRAHYDRO-1,8-NAPHTHYRIDINE-4-CARBOXAMIDE (ENANTIOMERIC MIX)",CC1(CC(C2=C(N1C)N=C(C(=C2)C3=CC=C(C=C3)Cl)C4=C(C=C(C=C4)Cl)Cl)C(=O)NCO)C,7.397940009,"Wang et al, 2020; Yang et al, 2016; Zhu et al, 2012",TTD
ADS-103253,CC1=C2C=C(C=CC2=NC(=N1)N3CCCC3)NC(=O)COC4=CC=C(C=C4)Cl,5,"Wang et al, 2020; Yang et al, 2016; Zhu et al, 2012",TTD
BMS-645737,CC1=CC2=CC(=CN=C2N1)NC3=NC=NN4C3=C(C(=C4)C5=NN=C(O5)C)C(C)C,5.180456064,"Wang et al, 2020; Yang et al, 2016; Zhu et al, 2012",TTD
DESMETHYLOLANZAPINE,CC1=CC2=C(S1)NC3=CC=CC=C3N=C2N4CCNCC4,4.860793332,"Wang et al, 2020; Yang et al, 2016; Zhu et al, 2012",TTD
GW803430,COC1=C(C=CC(=C1)N2C=NC3=C(C2=O)SC(=C3)C4=CC=C(C=C4)Cl)OCCN5CCCC5,5.931814138,"Wang et al, 2020; Yang et al, 2016; Zhu et al, 2012",TTD
JNJ-10392980,C1CCN(CC1)CCOC2=CC=C(C=C2)OC3=NC4=CC=CC=C4O3,6,"Wang et al, 2020; Yang et al, 2016; Zhu et al, 2012",TTD
MK-1925,CC1=C(N(N=C1CNC2CCC(C2)F)CCC#N)C3=CC(=CC(=C3)F)F,5.022276395,"Wang et al, 2020; Yang et al, 2016; Zhu et al, 2012",TTD
N-(4-(benzyloxy)phenethyl)pyridin-4-amine,C1=CC=C(C=C1)COC2=CC=C(C=C2)CCNC3=CC=NC=C3,6.886056648,"Wang et al, 2020; Yang et al, 2016; Zhu et al, 2012",TTD
[1-(4-p-Tolyl-butyl)-piperidin-4-yl]-methanol,CC1=CC=C(C=C1)CCCCN2CCC(CC2)CO,6.160283188,"Wang et al, 2020; Yang et al, 2016; Zhu et al, 2012",TTD
(R)-6-(2-(2-methylpyrrolidin-1-yl)ethyl)quinoline,CC1CCCN1CCC2=CC3=C(C=C2)N=CC=C3,4.397940009,"Wang et al, 2020; Yang et al, 2016; Zhu et al, 2012",TTD
(R)-ONDANSETRON,CC1=NC=CN1CC2CCC3=C(C2=O)C4=CC=CC=C4N3C,6.091514981,"Wang et al, 2020; Yang et al, 2016; Zhu et al, 2012",TTD
Aripiprazole,O=C1CCc2ccc(OCCCCN3CCN(c4cccc(Cl)c4Cl)CC3)cc2N1,5.41,"Negami et al, 2019",4
Astemizole,COc1ccc(CC[N@]2CC[C@@H](Nc3nc4ccccc4n3Cc3ccc(F)cc3)CC2)cc1,5.59,"Negami et al, 2019",4
Cisapride,COc1cc(N)c(Cl)cc1C(=O)N[C@H]1CC[N@@](CCCOc2ccc(F)cc2)C[C@H]1OC,6.89,"Negami et al, 2019",4
Dofetilide,C[N@@](CCOc1ccc(NS(C)(=O)=O)cc1)CCc1ccc(NS(C)(=O)=O)cc1,7.82,"Negami et al, 2019",4
Domperidone,O=c1[nH]c2ccccc2n1CCC[N@]1CC[C@@H](n2c(=O)[nH]c3cc(Cl)ccc32)CC1,6.79,"Negami et al, 2019",4
Droperidol,O=C(CCCN1CC=C(n2c(=O)[nH]c3ccccc32)CC1)c1ccc(F)cc1,7.49,"Negami et al, 2019",4
E-4031,Cc1cccc(CC[N@]2CC[C@@H](C(=O)c3ccc(NS(C)(=O)=O)cc3)CC2)n1,7.57,"Negami et al, 2019",4
Ebastine,CC(C)(C)c1ccc(C(=O)CCC[N@]2CC[C@H](OC(c3ccccc3)c3ccccc3)CC2)cc1,6.48,"Negami et al, 2019",4
Fexofenadine,CC(C)(C(=O)O)c1ccc([C@@H](O)CCC[N@]2CC[C@@H](C(O)(c3ccccc3)c3ccccc3)CC2)cc1,4.64,"Negami et al, 2019",4
Flecainide,O=C(NC[C@H]1CCCCN1)c1cc(OCC(F)(F)F)ccc1OCC(F)(F)F,5.41,"Negami et al, 2019",4
Gatifloxacin,COc1c(N2CCN[C@H](C)C2)c(F)cc2c(=O)c(C(=O)O)cn(C3CC3)c12,3.89,"Negami et al, 2019",4
Grepafloxacin,Cc1c(F)c(N2CCN[C@H](C)C2)cc2c1c(=O)c(C(=O)O)cn2C1CC1,4.3,"Negami et al, 2019",4
Haloperidol,O=C(CCC[N@]1CC[C@@](O)(c2ccc(Cl)cc2)CC1)c1ccc(F)cc1,5.94,"Negami et al, 2019",4
Ibutilide,CCCCCCC[N@@](CC)CCC[C@@H](O)c1ccc(NS(C)(=O)=O)cc1,7.82,"Negami et al, 2019",4
Ketoconazole,CC(=O)N1CCN(c2ccc(OC[C@@H]3CO[C@@](Cn4ccnc4)(c4ccc(Cl)cc4Cl)O3)cc2)CC1,5.72,"Negami et al, 2019",4
Mesoridazine,C[N@]1CCCC[C@H]1CCN1c2ccccc2Sc2ccc([S@@](C)=O)cc21,6.5,"Negami et al, 2019",4
Mibefradil,COCC(=O)O[C@]1(CC[N@@](C)CCCc2nc3ccccc3[nH]2)CCc2cc(F)ccc2[C@@H]1C(C)C,5.87,"Negami et al, 2019",4
Moxifloxacin,COc1c(N2C[C@@H]3CCCN[C@@H]3C2)c(F)cc2c(=O)c(C(=O)O)cn(C3CC3)c12,4.1,"Negami et al, 2019",4
Perhexiline,C1CCC(C(C[C@H]2CCCCN2)C2CCCCC2)CC1,5.11,"Negami et al, 2019",4
Pimozide,O=c1[nH]c2ccccc2n1[C@H]1CC[N@](CCCC(c2ccc(F)cc2)c2ccc(F)cc2)CC1,7.43,"Negami et al, 2019",4
Quinidine,C=C[C@H]1C[N@]2CC[C@H]1C[C@@H]2[C@@H](O)c1ccnc2ccc(OC)cc12,5.69,"Negami et al, 2019",4
Ranolazine,COc1ccccc1OC[C@H](O)CN1CCN(CC(=O)Nc2c(C)cccc2C)CC1,4.87,"Negami et al, 2019",4
Risperidone,Cc1nc2n(c(=O)c1CC[N@]1CC[C@@H](c3noc4cc(F)ccc43)CC1)CCCC2,5.88,"Negami et al, 2019",4
Sertindole,O=C1NCCN1CC[N@]1CC[C@@H](c2cn(-c3ccc(F)cc3)c3ccc(Cl)cc32)CC1,8.57,"Negami et al, 2019",4
Sparfloxacin,C[C@H]1CN(c2c(F)c(N)c3c(=O)c(C(=O)O)cn(C4CC4)c3c2F)C[C@@H](C)N1,4.47,"Negami et al, 2019",4
Terfenadine,CC(C)(C)c1ccc([C@@H](O)CCC[N@]2CC[C@@H](C(O)(c3ccccc3)c3ccccc3)CC2)cc1,5.92,"Negami et al, 2019",4
Terodiline,C[C@H](CC(c1ccccc1)c1ccccc1)NC(C)(C)C,5.24,"Negami et al, 2019",4
Thioridazine,CSc1ccc2c(c1)N(CC[C@@H]1CCCC[N@]1C)c1ccccc1S2,7.19,"Negami et al, 2019",4
